,title,description,stars,price,price_discount,reviews,url
0,Apartamento en Estación Central,Departamento equipado 1611 Cerca de Metro,4.45,21955,,58,https://www.airbnb.cl/rooms/546974810110970015?adults=1&children=0&enable_m3_private_room=true&infants=0&pets=0&check_in=2023-05-03&check_out=2023-05-10&previous_page_section_name=1000&federated_search_id=5325a411-4c20-4eb9-8634-82a2d1537eeb
1,Habitación en Quinta Normal,Pieza con baño privado y salida independiente.,4.85,15034,,211,https://www.airbnb.cl/rooms/36858581?adults=1&category_tag=Tag%3A8678&children=0&enable_m3_private_room=true&infants=0&pets=0&check_in=2023-05-08&check_out=2023-05-15&previous_page_section_name=1000&federated_search_id=5325a411-4c20-4eb9-8634-82a2d1537eeb
2,Cabaña en Santiago,Cabaña con Jacuzzi para 2 piscina Cajón del Maipo,4.97,83477,,61,https://www.airbnb.cl/rooms/719669611197414706?adults=1&children=0&enable_m3_private_room=true&infants=0&pets=0&check_in=2023-05-04&check_out=2023-05-09&previous_page_section_name=1000&federated_search_id=5325a411-4c20-4eb9-8634-82a2d1537eeb
3,Casa de huéspedes en Pirque,Casita de campo en Pirque,5.0,40239,49396.0,16,https://www.airbnb.cl/rooms/836241418462517633?adults=1&children=0&enable_m3_private_room=true&infants=0&pets=0&check_in=2023-05-28&check_out=2023-06-04&previous_page_section_name=1000&federated_search_id=5325a411-4c20-4eb9-8634-82a2d1537eeb
4,Loft en Las Condes,Alma-Loft/ nuevo y moderno departamento de 2 pisos,4.86,80805,,36,https://www.airbnb.cl/rooms/701873893538295232?adults=1&children=0&enable_m3_private_room=true&infants=0&pets=0&check_in=2023-05-03&check_out=2023-05-10&previous_page_section_name=1000&federated_search_id=5325a411-4c20-4eb9-8634-82a2d1537eeb
5,Apartamento en Santiago,"Moderno y cómodo Depto, central seguro, lado metro",4.52,27704,30783.0,29,https://www.airbnb.cl/rooms/744136728294296532?adults=1&children=0&enable_m3_private_room=true&infants=0&pets=0&check_in=2023-05-03&check_out=2023-05-08&previous_page_section_name=1000&federated_search_id=5325a411-4c20-4eb9-8634-82a2d1537eeb
6,Condo en San Miguel,Comodo departamento en  San Miguel.,4.93,39245,,377,https://www.airbnb.cl/rooms/46656145?adults=1&children=0&enable_m3_private_room=true&infants=0&pets=0&check_in=2023-05-07&check_out=2023-05-12&previous_page_section_name=1000&federated_search_id=5325a411-4c20-4eb9-8634-82a2d1537eeb
7,Habitación en Ñuñoa,Linda habitación 1.5 plazas en Ñuñoa - Providencia,4.83,24528,,90,https://www.airbnb.cl/rooms/22863700?adults=1&category_tag=Tag%3A8678&children=0&enable_m3_private_room=true&infants=0&pets=0&check_in=2023-05-06&check_out=2023-05-12&previous_page_section_name=1000&federated_search_id=5325a411-4c20-4eb9-8634-82a2d1537eeb
8,Habitación en Santiago,"Habitación ""Jardines Vicuña Mackenna""",4.89,17621,,19,https://www.airbnb.cl/rooms/52742913?adults=1&category_tag=Tag%3A8678&children=0&enable_m3_private_room=true&infants=0&pets=0&check_in=2023-05-04&check_out=2023-05-09&previous_page_section_name=1000&federated_search_id=5325a411-4c20-4eb9-8634-82a2d1537eeb
9,Habitación en Santiago,Habitación privada  junto a Movistar Arena,4.93,30199,33994.0,29,https://www.airbnb.cl/rooms/739045217810814434?adults=1&category_tag=Tag%3A8678&children=0&enable_m3_private_room=true&infants=0&pets=0&check_in=2023-05-08&check_out=2023-05-13&previous_page_section_name=1000&federated_search_id=5325a411-4c20-4eb9-8634-82a2d1537eeb
10,Condo en Santiago,"★La mejor ubicación ★Central, hermoso, renovado",4.89,35111,48009.0,238,https://www.airbnb.cl/rooms/plus/29181740?adults=1&children=0&enable_m3_private_room=true&infants=0&pets=0&check_in=2023-05-03&check_out=2023-05-09&previous_page_section_name=1000&federated_search_id=5325a411-4c20-4eb9-8634-82a2d1537eeb
11,Apartamento en Recoleta,Parque forestal con piscina y vista,4.71,35678,38945.0,249,https://www.airbnb.cl/rooms/11183941?adults=1&children=0&enable_m3_private_room=true&infants=0&pets=0&check_in=2023-05-03&check_out=2023-05-08&previous_page_section_name=1000&federated_search_id=5325a411-4c20-4eb9-8634-82a2d1537eeb
12,Apartamento en Santiago,Vista Bellas Artes (Departamento entero Santiago),4.88,41313,58897.0,16,https://www.airbnb.cl/rooms/787170823074364367?adults=1&children=0&enable_m3_private_room=true&infants=0&pets=0&check_in=2023-05-03&check_out=2023-05-08&previous_page_section_name=1000&federated_search_id=5325a411-4c20-4eb9-8634-82a2d1537eeb
13,Apartamento en Santiago,"Lindo departamento, a pasos del metro las rejas",0.0,29200,,5,https://www.airbnb.cl/rooms/870213549798778061?adults=1&children=0&enable_m3_private_room=true&infants=0&pets=0&check_in=2023-05-06&check_out=2023-05-11&previous_page_section_name=1000&federated_search_id=5325a411-4c20-4eb9-8634-82a2d1537eeb
14,Condo en Providencia,Acogedor departamento a pasos de metro 1d 1b,4.81,57232,,177,https://www.airbnb.cl/rooms/53572443?adults=1&children=0&enable_m3_private_room=true&infants=0&pets=0&check_in=2023-05-03&check_out=2023-05-08&previous_page_section_name=1000&federated_search_id=5325a411-4c20-4eb9-8634-82a2d1537eeb
15,Apartamento en Las Condes,Un dormitorio - El Golf - Aparthotel,4.74,84676,103264.0,870,https://www.airbnb.cl/rooms/20710229?adults=1&children=0&enable_m3_private_room=true&infants=0&pets=0&check_in=2023-05-03&check_out=2023-05-10&previous_page_section_name=1000&federated_search_id=5325a411-4c20-4eb9-8634-82a2d1537eeb
16,Apartamento en Estación Central,Apartamento en Santiago Centro,4.67,26713,,3,https://www.airbnb.cl/rooms/868201605435476983?adults=1&children=0&enable_m3_private_room=true&infants=0&pets=0&check_in=2023-05-08&check_out=2023-05-14&previous_page_section_name=1000&federated_search_id=5325a411-4c20-4eb9-8634-82a2d1537eeb
17,Apartamento en Santiago,Hermoso y cómodo c/Estacionamiento incluido. 318,4.71,48855,,205,https://www.airbnb.cl/rooms/36567305?adults=1&children=0&enable_m3_private_room=true&infants=0&pets=0&check_in=2023-05-03&check_out=2023-05-08&previous_page_section_name=1000&federated_search_id=5325a411-4c20-4eb9-8634-82a2d1537eeb
18,Apartamento en Santiago,Vista Bellas Artes (Departamento entero Santiago),4.88,41313,58897.0,16,https://www.airbnb.cl/rooms/787170823074364367?adults=1&children=0&enable_m3_private_room=true&infants=0&pets=0&check_in=2023-05-03&check_out=2023-05-08&previous_page_section_name=1000&federated_search_id=21ef361a-1371-480f-9322-97c31b361dc3
19,Alojamiento en Santiago,Vista despejada y desconexion total,4.74,131424,144831.0,130,https://www.airbnb.cl/rooms/42754934?adults=1&children=0&enable_m3_private_room=true&infants=0&pets=0&check_in=2023-05-07&check_out=2023-05-12&previous_page_section_name=1000&federated_search_id=21ef361a-1371-480f-9322-97c31b361dc3
20,Apartamento en Santiago,Nuevo y completamente amueblado Santa Lucía Hill 43TV 89,4.77,31097,39268.0,86,https://www.airbnb.cl/rooms/45068643?adults=1&children=0&enable_m3_private_room=true&infants=0&pets=0&check_in=2023-05-07&check_out=2023-05-12&previous_page_section_name=1000&federated_search_id=21ef361a-1371-480f-9322-97c31b361dc3
21,Apartamento en Estación Central,Departamento Equipado 316,4.62,24499,28572.0,79,https://www.airbnb.cl/rooms/53294847?adults=1&children=0&enable_m3_private_room=true&infants=0&pets=0&check_in=2023-05-03&check_out=2023-05-08&previous_page_section_name=1000&federated_search_id=21ef361a-1371-480f-9322-97c31b361dc3
22,Apartamento en Santiago,"Moderno, Diseño, Céntrico",4.9,33374,43511.0,144,https://www.airbnb.cl/rooms/37238946?adults=1&children=0&enable_m3_private_room=true&infants=0&pets=0&check_in=2023-05-03&check_out=2023-05-10&previous_page_section_name=1000&federated_search_id=21ef361a-1371-480f-9322-97c31b361dc3
23,Apartamento en Santiago,"Acogedor, la mejor ubicación",4.8,34303,38263.0,10,https://www.airbnb.cl/rooms/823349695197479454?adults=1&children=0&enable_m3_private_room=true&infants=0&pets=0&check_in=2023-05-03&check_out=2023-05-10&previous_page_section_name=1000&federated_search_id=21ef361a-1371-480f-9322-97c31b361dc3
24,Apartamento en Pudahuel,Departamento SUR,4.9,44424,,59,https://www.airbnb.cl/rooms/785008010190693324?adults=1&children=0&enable_m3_private_room=true&infants=0&pets=0&check_in=2023-05-05&check_out=2023-05-10&previous_page_section_name=1000&federated_search_id=21ef361a-1371-480f-9322-97c31b361dc3
25,Apartamento en Santiago,Bellas Artes nuevas y completamente amuebladas 153,4.67,32732,39503.0,112,https://www.airbnb.cl/rooms/45001544?adults=1&children=0&enable_m3_private_room=true&infants=0&pets=0&check_in=2023-05-08&check_out=2023-05-13&previous_page_section_name=1000&federated_search_id=21ef361a-1371-480f-9322-97c31b361dc3
26,Cabaña en Pirque,Moderno  loft en San Juan de Pirque,4.98,88768,,60,https://www.airbnb.cl/rooms/573857582406896322?adults=1&children=0&enable_m3_private_room=true&infants=0&pets=0&check_in=2023-05-03&check_out=2023-05-08&previous_page_section_name=1000&federated_search_id=21ef361a-1371-480f-9322-97c31b361dc3
27,Apartamento en Quilicura,departamento Quilicura cerca de aeropuerto,4.8,35040,,10,https://www.airbnb.cl/rooms/855177370899722824?adults=1&children=0&enable_m3_private_room=true&infants=0&pets=0&check_in=2023-05-10&check_out=2023-05-15&previous_page_section_name=1000&federated_search_id=21ef361a-1371-480f-9322-97c31b361dc3
28,Apartamento en Santiago,23*Metro Matta/Estad.Nac/Mov.Arena/Hosp.Borja,4.8,28590,35148.0,62,https://www.airbnb.cl/rooms/26720158?adults=1&children=0&enable_m3_private_room=true&infants=0&pets=0&check_in=2023-05-04&check_out=2023-05-09&previous_page_section_name=1000&federated_search_id=21ef361a-1371-480f-9322-97c31b361dc3
29,Habitación en Ñuñoa,Linda habitación 1.5 plazas en Ñuñoa - Providencia,4.83,24528,,90,https://www.airbnb.cl/rooms/22863700?adults=1&category_tag=Tag%3A8678&children=0&enable_m3_private_room=true&infants=0&pets=0&check_in=2023-05-06&check_out=2023-05-12&previous_page_section_name=1000&federated_search_id=21ef361a-1371-480f-9322-97c31b361dc3
30,Habitación en Ñuñoa,"Vacaciones especiales ,como en casa",4.83,14016,,52,https://www.airbnb.cl/rooms/32985858?adults=1&category_tag=Tag%3A8678&children=0&enable_m3_private_room=true&infants=0&pets=0&check_in=2023-05-04&check_out=2023-05-10&previous_page_section_name=1000&federated_search_id=21ef361a-1371-480f-9322-97c31b361dc3
31,Apartamento en Santiago,Arriendo depto metro San Alberto Hurtado,4.58,23944,,73,https://www.airbnb.cl/rooms/44356216?adults=1&children=0&enable_m3_private_room=true&infants=0&pets=0&check_in=2023-05-25&check_out=2023-05-30&previous_page_section_name=1000&federated_search_id=21ef361a-1371-480f-9322-97c31b361dc3
32,Apartamento en Santiago,Cómodo apartamento.,0.0,22720,27583.0,0,https://www.airbnb.cl/rooms/882009373679347416?adults=1&children=0&enable_m3_private_room=true&infants=0&pets=0&check_in=2023-05-12&check_out=2023-05-17&previous_page_section_name=1000&federated_search_id=21ef361a-1371-480f-9322-97c31b361dc3
33,Apartamento en Santiago,Departamento Barrio Lastarrias,5.0,25201,27565.0,7,https://www.airbnb.cl/rooms/773783707382176442?adults=1&children=0&enable_m3_private_room=true&infants=0&pets=0&check_in=2023-05-05&check_out=2023-05-12&previous_page_section_name=1000&federated_search_id=21ef361a-1371-480f-9322-97c31b361dc3
34,Casa de huéspedes en San José de Maipo,"Acogedora Tiny house junto al río, Cajón del Maipo",4.92,64800,,248,https://www.airbnb.cl/rooms/24889677?adults=1&children=0&enable_m3_private_room=true&infants=0&pets=0&check_in=2023-05-03&check_out=2023-05-09&previous_page_section_name=1000&federated_search_id=21ef361a-1371-480f-9322-97c31b361dc3
35,Habitación en Providencia,Buena ubicacion en Providencia,4.81,21258,,32,https://www.airbnb.cl/rooms/14857518?adults=1&category_tag=Tag%3A8678&children=0&enable_m3_private_room=true&infants=0&pets=0&check_in=2023-05-06&check_out=2023-05-11&previous_page_section_name=1000&federated_search_id=21ef361a-1371-480f-9322-97c31b361dc3
36,Apartamento en Providencia,Comodidad y conectividad.,0.0,46720,,0,https://www.airbnb.cl/rooms/880316971961675206?adults=1&children=0&enable_m3_private_room=true&infants=0&pets=0&check_in=2023-05-14&check_out=2023-05-19&previous_page_section_name=1000&federated_search_id=235d34af-4421-4f0e-99a3-82a38760bc72
37,Apartamento en Santiago,Arriendo hermoso dpto. Santiago,0.0,31770,38570.0,0,https://www.airbnb.cl/rooms/865127405781340563?adults=1&children=0&enable_m3_private_room=true&infants=0&pets=0&check_in=2023-05-03&check_out=2023-05-09&previous_page_section_name=1000&federated_search_id=235d34af-4421-4f0e-99a3-82a38760bc72
38,Apartamento en Santiago,Centro de apartamentos Terra Family Santiago.,4.76,33592,38510.0,93,https://www.airbnb.cl/rooms/37811976?adults=1&children=0&enable_m3_private_room=true&infants=0&pets=0&check_in=2023-05-05&check_out=2023-05-10&previous_page_section_name=1000&federated_search_id=235d34af-4421-4f0e-99a3-82a38760bc72
39,Habitación en Santiago,Habitación y baño privado,5.0,18958,22203.0,15,https://www.airbnb.cl/rooms/819086846450166485?adults=1&category_tag=Tag%3A8678&children=0&enable_m3_private_room=true&infants=0&pets=0&check_in=2023-05-05&check_out=2023-05-10&previous_page_section_name=1000&federated_search_id=235d34af-4421-4f0e-99a3-82a38760bc72
40,Casa de campo en Pirque,Moderna Cabaña con tinaja caliente,4.93,70349,,40,https://www.airbnb.cl/rooms/710383341971699608?adults=1&children=0&enable_m3_private_room=true&infants=0&pets=0&check_in=2023-05-07&check_out=2023-05-12&previous_page_section_name=1000&federated_search_id=235d34af-4421-4f0e-99a3-82a38760bc72
41,Apartamento en Santiago,Departamento en Santiago centro,0.0,23920,,0,https://www.airbnb.cl/rooms/802923564347495760?adults=1&children=0&enable_m3_private_room=true&infants=0&pets=0&check_in=2023-05-04&check_out=2023-05-10&previous_page_section_name=1000&federated_search_id=235d34af-4421-4f0e-99a3-82a38760bc72
42,Condo en Santiago,"★La mejor ubicación ★Central, hermoso, renovado",4.89,35111,48009.0,238,https://www.airbnb.cl/rooms/plus/29181740?adults=1&children=0&enable_m3_private_room=true&infants=0&pets=0&check_in=2023-05-03&check_out=2023-05-09&previous_page_section_name=1000&federated_search_id=235d34af-4421-4f0e-99a3-82a38760bc72
43,Apartamento en Santiago,"Excelente y acogedor Departamento, lado metro 2p",4.59,24658,26958.0,17,https://www.airbnb.cl/rooms/686368788500019350?adults=1&children=0&enable_m3_private_room=true&infants=0&pets=0&check_in=2023-05-06&check_out=2023-05-13&previous_page_section_name=1000&federated_search_id=235d34af-4421-4f0e-99a3-82a38760bc72
44,Apartamento en Santiago,Studio Privado Para Tres,5.0,28764,,4,https://www.airbnb.cl/rooms/864906861294958580?adults=1&children=0&enable_m3_private_room=true&infants=0&pets=0&check_in=2023-05-14&check_out=2023-05-19&previous_page_section_name=1000&federated_search_id=235d34af-4421-4f0e-99a3-82a38760bc72
45,Apartamento en Santiago,Departamento 1 habitación.,0.0,28230,34122.0,0,https://www.airbnb.cl/rooms/851520975253623759?adults=1&children=0&enable_m3_private_room=true&infants=0&pets=0&check_in=2023-05-04&check_out=2023-05-10&previous_page_section_name=1000&federated_search_id=235d34af-4421-4f0e-99a3-82a38760bc72
46,Apartamento en Santiago,Estudio Lord Cochrane - Paseo Bulnes centro,4.72,26032,,268,https://www.airbnb.cl/rooms/5415303?adults=1&children=0&enable_m3_private_room=true&infants=0&pets=0&check_in=2023-05-04&check_out=2023-05-09&previous_page_section_name=1000&federated_search_id=235d34af-4421-4f0e-99a3-82a38760bc72
47,Loft en Santiago,¡Tranquilidad en el Corazón de Santiago!,4.87,31457,40135.0,202,https://www.airbnb.cl/rooms/34394108?adults=1&children=0&enable_m3_private_room=true&infants=0&pets=0&check_in=2023-05-03&check_out=2023-05-09&previous_page_section_name=1000&federated_search_id=235d34af-4421-4f0e-99a3-82a38760bc72
48,Habitación en La Cisterna,Bonita habitación privada en La Cisterna,4.93,11680,,92,https://www.airbnb.cl/rooms/49288498?adults=1&category_tag=Tag%3A8678&children=0&enable_m3_private_room=true&infants=0&pets=0&check_in=2023-05-13&check_out=2023-05-18&previous_page_section_name=1000&federated_search_id=235d34af-4421-4f0e-99a3-82a38760bc72
49,Lugar para quedarse en Providencia,Bella Habitación en Providencia,4.91,14112,,23,https://www.airbnb.cl/rooms/41700181?adults=1&children=0&enable_m3_private_room=true&infants=0&pets=0&check_in=2023-05-14&check_out=2023-05-21&previous_page_section_name=1000&federated_search_id=235d34af-4421-4f0e-99a3-82a38760bc72
50,Apartamento en Santiago,"Tribeca Gold con televisor inteligente, estacionamiento, metro y aire acondicionado",4.32,21806,31740.0,22,https://www.airbnb.cl/rooms/668691355903981721?adults=1&children=0&enable_m3_private_room=true&infants=0&pets=0&check_in=2023-05-08&check_out=2023-05-13&previous_page_section_name=1000&federated_search_id=235d34af-4421-4f0e-99a3-82a38760bc72
51,Apartamento en Santiago,Departamento excelente ubicación,4.88,39082,,16,https://www.airbnb.cl/rooms/768329420257294370?adults=1&children=0&enable_m3_private_room=true&infants=0&pets=0&check_in=2023-05-03&check_out=2023-05-08&previous_page_section_name=1000&federated_search_id=235d34af-4421-4f0e-99a3-82a38760bc72
52,Loft en Las Condes,Alma-Loft/ nuevo y moderno departamento de 2 pisos,4.86,80805,,36,https://www.airbnb.cl/rooms/701873893538295232?adults=1&children=0&enable_m3_private_room=true&infants=0&pets=0&check_in=2023-05-03&check_out=2023-05-10&previous_page_section_name=1000&federated_search_id=235d34af-4421-4f0e-99a3-82a38760bc72
53,Lugar para quedarse en Santiago,"Habitación Tribeca con cama tamaño king, estudio con wifi, aire acondicionado",4.62,21807,30287.0,39,https://www.airbnb.cl/rooms/615229071447416946?adults=1&children=0&enable_m3_private_room=true&infants=0&pets=0&check_in=2023-05-09&check_out=2023-05-14&previous_page_section_name=1000&federated_search_id=235d34af-4421-4f0e-99a3-82a38760bc72
54,Cabaña en Pirque,Moderno  loft en San Juan de Pirque,4.98,88768,,60,https://www.airbnb.cl/rooms/573857582406896322?adults=1&children=0&enable_m3_private_room=true&infants=0&pets=0&check_in=2023-05-03&check_out=2023-05-08&previous_page_section_name=1000&federated_search_id=2de4eec6-998f-4168-89d0-6d4a0cae679d
55,Apartamento en Santiago,Centro de apartamentos Terra Family Santiago.,4.76,33592,38510.0,93,https://www.airbnb.cl/rooms/37811976?adults=1&children=0&enable_m3_private_room=true&infants=0&pets=0&check_in=2023-05-05&check_out=2023-05-10&previous_page_section_name=1000&federated_search_id=2de4eec6-998f-4168-89d0-6d4a0cae679d
56,Apartamento en Providencia,Apart Hotel de lujo y negocios,4.73,56998,71139.0,233,https://www.airbnb.cl/rooms/34479566?adults=1&children=0&enable_m3_private_room=true&infants=0&pets=0&check_in=2023-05-07&check_out=2023-05-12&previous_page_section_name=1000&federated_search_id=2de4eec6-998f-4168-89d0-6d4a0cae679d
57,Habitación en Santiago,Habitación en el Centro/  A Minutos del Aeropuerto,4.8,21698,,5,https://www.airbnb.cl/rooms/869697123641558805?adults=1&category_tag=Tag%3A8678&children=0&enable_m3_private_room=true&infants=0&pets=0&check_in=2023-05-08&check_out=2023-05-13&previous_page_section_name=1000&federated_search_id=2de4eec6-998f-4168-89d0-6d4a0cae679d
58,Apartamento en Estación Central,Departamento vista 1608 Cerca Metro,4.94,26667,,16,https://www.airbnb.cl/rooms/723019476126628503?adults=1&children=0&enable_m3_private_room=true&infants=0&pets=0&check_in=2023-05-03&check_out=2023-05-08&previous_page_section_name=1000&federated_search_id=2de4eec6-998f-4168-89d0-6d4a0cae679d
59,Habitación en La Cisterna,Bonita habitación privada en La Cisterna,4.93,11680,,92,https://www.airbnb.cl/rooms/49288498?adults=1&category_tag=Tag%3A8678&children=0&enable_m3_private_room=true&infants=0&pets=0&check_in=2023-05-13&check_out=2023-05-18&previous_page_section_name=1000&federated_search_id=2de4eec6-998f-4168-89d0-6d4a0cae679d
60,Habitación en Pudahuel,Cercano al aeropuerto (12min) y al centro (30min).,4.91,26864,,44,https://www.airbnb.cl/rooms/38669722?adults=1&category_tag=Tag%3A8678&children=0&enable_m3_private_room=true&infants=0&pets=0&check_in=2023-05-03&check_out=2023-05-08&previous_page_section_name=1000&federated_search_id=2de4eec6-998f-4168-89d0-6d4a0cae679d
61,Domo en Pirque,Domo privado Pirque,4.88,99120,,16,https://www.airbnb.cl/rooms/45634806?adults=1&children=0&enable_m3_private_room=true&infants=0&pets=0&check_in=2023-05-04&check_out=2023-05-09&previous_page_section_name=1000&federated_search_id=2de4eec6-998f-4168-89d0-6d4a0cae679d
62,Apartamento en Santiago,Acogedor Home Studio,4.23,28032,,91,https://www.airbnb.cl/rooms/42795408?adults=1&children=0&enable_m3_private_room=true&infants=0&pets=0&check_in=2023-05-03&check_out=2023-05-09&previous_page_section_name=1000&federated_search_id=2de4eec6-998f-4168-89d0-6d4a0cae679d
63,Apartamento en Santiago,"Moderno, Diseño, Céntrico",4.9,33374,43511.0,144,https://www.airbnb.cl/rooms/37238946?adults=1&children=0&enable_m3_private_room=true&infants=0&pets=0&check_in=2023-05-03&check_out=2023-05-10&previous_page_section_name=1000&federated_search_id=2de4eec6-998f-4168-89d0-6d4a0cae679d
64,Apartamento en Santiago,Dpto studio Ñuñoa,0.0,35039,,0,https://www.airbnb.cl/rooms/868854764232666294?adults=1&children=0&enable_m3_private_room=true&infants=0&pets=0&check_in=2023-05-03&check_out=2023-05-08&previous_page_section_name=1000&federated_search_id=2de4eec6-998f-4168-89d0-6d4a0cae679d
65,Habitación en Santiago,Habitación y baño privado,5.0,18958,22203.0,15,https://www.airbnb.cl/rooms/819086846450166485?adults=1&category_tag=Tag%3A8678&children=0&enable_m3_private_room=true&infants=0&pets=0&check_in=2023-05-05&check_out=2023-05-10&previous_page_section_name=1000&federated_search_id=2de4eec6-998f-4168-89d0-6d4a0cae679d
66,Apartamento en Santiago,Céntrico agradable y cómodo dpto,4.82,25462,32237.0,11,https://www.airbnb.cl/rooms/815298538761402998?adults=1&children=0&enable_m3_private_room=true&infants=0&pets=0&check_in=2023-05-06&check_out=2023-05-11&previous_page_section_name=1000&federated_search_id=2de4eec6-998f-4168-89d0-6d4a0cae679d
67,Apartamento en San Miguel,Departamento acogedor,4.67,40880,,9,https://www.airbnb.cl/rooms/831126938912410155?adults=1&children=0&enable_m3_private_room=true&infants=0&pets=0&check_in=2023-05-03&check_out=2023-05-08&previous_page_section_name=1000&federated_search_id=2de4eec6-998f-4168-89d0-6d4a0cae679d
68,Habitación en Santiago,"Patagonia,
habitación privada.",4.94,23360,,17,https://www.airbnb.cl/rooms/755620559941072677?adults=1&category_tag=Tag%3A8678&children=0&enable_m3_private_room=true&infants=0&pets=0&check_in=2023-05-03&check_out=2023-05-10&previous_page_section_name=1000&federated_search_id=2de4eec6-998f-4168-89d0-6d4a0cae679d
69,Apartamento en Santiago,"Departamento Estudio, Vista Stgo",4.63,26188,,8,https://www.airbnb.cl/rooms/787223817645161684?adults=1&children=0&enable_m3_private_room=true&infants=0&pets=0&check_in=2023-05-03&check_out=2023-05-08&previous_page_section_name=1000&federated_search_id=2de4eec6-998f-4168-89d0-6d4a0cae679d
70,Condo en San Miguel,Moderno Departamento en San Miguel,4.93,39517,,99,https://www.airbnb.cl/rooms/671003701371362727?adults=1&children=0&enable_m3_private_room=true&infants=0&pets=0&check_in=2023-05-08&check_out=2023-05-14&previous_page_section_name=1000&federated_search_id=2de4eec6-998f-4168-89d0-6d4a0cae679d
71,Tienda de campo en Santiago,tienda para aventureros,0.0,8565,10399.0,0,https://www.airbnb.cl/rooms/878515384355962054?adults=1&children=0&enable_m3_private_room=true&infants=0&pets=0&check_in=2023-05-03&check_out=2023-05-09&previous_page_section_name=1000&federated_search_id=2de4eec6-998f-4168-89d0-6d4a0cae679d
72,Minicasa en Lo Barnechea,Tiny House en el estero Arrayán,0.0,59971,,0,https://www.airbnb.cl/rooms/867306963105054865?adults=1&children=0&enable_m3_private_room=true&infants=0&pets=0&check_in=2023-05-04&check_out=2023-05-09&previous_page_section_name=1000&federated_search_id=d91d4ddc-b1ba-44a4-9575-8311654e4d73
73,Apartamento en Providencia,eldepto ( Departamento Simple),4.72,35320,,966,https://www.airbnb.cl/rooms/37722218?adults=1&children=0&enable_m3_private_room=true&infants=0&pets=0&check_in=2023-05-08&check_out=2023-05-13&previous_page_section_name=1000&federated_search_id=d91d4ddc-b1ba-44a4-9575-8311654e4d73
74,Apartamento en Estación Central,"Lindo y cómodo departamento, metro las rejas",5.0,30331,,4,https://www.airbnb.cl/rooms/870216912622474201?adults=1&children=0&enable_m3_private_room=true&infants=0&pets=0&check_in=2023-05-03&check_out=2023-05-09&previous_page_section_name=1000&federated_search_id=d91d4ddc-b1ba-44a4-9575-8311654e4d73
75,Apartamento en Estación Central,Departamento vista 1608 Cerca Metro,4.94,26667,,16,https://www.airbnb.cl/rooms/723019476126628503?adults=1&children=0&enable_m3_private_room=true&infants=0&pets=0&check_in=2023-05-03&check_out=2023-05-08&previous_page_section_name=1000&federated_search_id=d91d4ddc-b1ba-44a4-9575-8311654e4d73
76,Condo en Providencia,Acogedor departamento a pasos de metro 1d 1b,4.81,57232,,177,https://www.airbnb.cl/rooms/53572443?adults=1&children=0&enable_m3_private_room=true&infants=0&pets=0&check_in=2023-05-03&check_out=2023-05-08&previous_page_section_name=1000&federated_search_id=d91d4ddc-b1ba-44a4-9575-8311654e4d73
77,Habitación en Santiago,Habitación privada cerca a Palacio la Moneda,4.68,24530,,31,https://www.airbnb.cl/rooms/774681412410816345?adults=1&category_tag=Tag%3A8678&children=0&enable_m3_private_room=true&infants=0&pets=0&check_in=2023-05-03&check_out=2023-05-08&previous_page_section_name=1000&federated_search_id=d91d4ddc-b1ba-44a4-9575-8311654e4d73
78,Domo en Pirque,Domo privado Pirque,4.88,99120,,16,https://www.airbnb.cl/rooms/45634806?adults=1&children=0&enable_m3_private_room=true&infants=0&pets=0&check_in=2023-05-04&check_out=2023-05-09&previous_page_section_name=1000&federated_search_id=d91d4ddc-b1ba-44a4-9575-8311654e4d73
79,Habitación en Santiago,Gran habitación con sala privada,4.33,16352,,6,https://www.airbnb.cl/rooms/811601009055993501?adults=1&category_tag=Tag%3A8678&children=0&enable_m3_private_room=true&infants=0&pets=0&check_in=2023-05-03&check_out=2023-05-08&previous_page_section_name=1000&federated_search_id=d91d4ddc-b1ba-44a4-9575-8311654e4d73
80,Habitación en Ñuñoa,"Vacaciones especiales ,como en casa",4.83,14016,,52,https://www.airbnb.cl/rooms/32985858?adults=1&category_tag=Tag%3A8678&children=0&enable_m3_private_room=true&infants=0&pets=0&check_in=2023-05-04&check_out=2023-05-10&previous_page_section_name=1000&federated_search_id=d91d4ddc-b1ba-44a4-9575-8311654e4d73
81,Habitación en Santiago,"Patagonia,
habitación privada.",4.94,23360,,17,https://www.airbnb.cl/rooms/755620559941072677?adults=1&category_tag=Tag%3A8678&children=0&enable_m3_private_room=true&infants=0&pets=0&check_in=2023-05-03&check_out=2023-05-10&previous_page_section_name=1000&federated_search_id=d91d4ddc-b1ba-44a4-9575-8311654e4d73
82,Apartamento en Santiago,Apartamento Amoblado Stgo Centro 1 ambiente 30m2,4.8,38719,44569.0,174,https://www.airbnb.cl/rooms/49655554?adults=1&children=0&enable_m3_private_room=true&infants=0&pets=0&check_in=2023-05-07&check_out=2023-05-12&previous_page_section_name=1000&federated_search_id=d91d4ddc-b1ba-44a4-9575-8311654e4d73
83,Apartamento en La Florida,"Lindo dpto, con estacionamiento,  condominio",4.89,46454,,28,https://www.airbnb.cl/rooms/746460355196195454?adults=1&children=0&enable_m3_private_room=true&infants=0&pets=0&check_in=2023-05-03&check_out=2023-05-08&previous_page_section_name=1000&federated_search_id=d91d4ddc-b1ba-44a4-9575-8311654e4d73
84,Cabaña en Pirque,Moderno  loft en San Juan de Pirque,4.98,88768,,60,https://www.airbnb.cl/rooms/573857582406896322?adults=1&children=0&enable_m3_private_room=true&infants=0&pets=0&check_in=2023-05-03&check_out=2023-05-08&previous_page_section_name=1000&federated_search_id=d91d4ddc-b1ba-44a4-9575-8311654e4d73
85,Habitación en Santiago,Habitación acogedora a pasos del metro Santa Lucía,4.73,17520,,30,https://www.airbnb.cl/rooms/709564966014162593?adults=1&category_tag=Tag%3A8678&children=0&enable_m3_private_room=true&infants=0&pets=0&check_in=2023-05-06&check_out=2023-05-11&previous_page_section_name=1000&federated_search_id=d91d4ddc-b1ba-44a4-9575-8311654e4d73
86,Apartamento en Las Condes,Mejor Barrio - Excelente Ubicación Metro Parking,4.89,44155,54014.0,222,https://www.airbnb.cl/rooms/20306826?adults=1&children=0&enable_m3_private_room=true&infants=0&pets=0&check_in=2023-05-06&check_out=2023-05-11&previous_page_section_name=1000&federated_search_id=d91d4ddc-b1ba-44a4-9575-8311654e4d73
87,Apartamento en Santiago,Apartamento Centro de Santiago,0.0,32704,39704.0,0,https://www.airbnb.cl/rooms/881109432696255481?adults=1&children=0&enable_m3_private_room=true&infants=0&pets=0&check_in=2023-05-07&check_out=2023-05-13&previous_page_section_name=1000&federated_search_id=d91d4ddc-b1ba-44a4-9575-8311654e4d73
88,Condo en La Florida,Céntrico  departamento en La Florida,4.53,41360,,136,https://www.airbnb.cl/rooms/27570335?adults=1&children=0&enable_m3_private_room=true&infants=0&pets=0&check_in=2023-05-03&check_out=2023-05-10&previous_page_section_name=1000&federated_search_id=d91d4ddc-b1ba-44a4-9575-8311654e4d73
89,Condo en Santiago,Depto metro moneda vista torre entel 2,4.68,32704,37805.0,22,https://www.airbnb.cl/rooms/628344712084046183?adults=1&children=0&enable_m3_private_room=true&infants=0&pets=0&check_in=2023-05-03&check_out=2023-05-08&previous_page_section_name=1000&federated_search_id=d91d4ddc-b1ba-44a4-9575-8311654e4d73
90,Condo en Santiago,"Central y clásico - moderno, encantador, renovado",4.91,35624,49215.0,232,https://www.airbnb.cl/rooms/27088114?adults=1&children=0&enable_m3_private_room=true&infants=0&pets=0&check_in=2023-05-03&check_out=2023-05-10&previous_page_section_name=1000&federated_search_id=1452d6b4-ddeb-4f95-bd8a-b38467c49829
91,Apartamento en Santiago,Departamento nuevo 100% Equipado a pasos del Metro,4.96,28704,36991.0,25,https://www.airbnb.cl/rooms/684709462994129047?adults=1&children=0&enable_m3_private_room=true&infants=0&pets=0&check_in=2023-05-15&check_out=2023-05-20&previous_page_section_name=1000&federated_search_id=1452d6b4-ddeb-4f95-bd8a-b38467c49829
92,Apartamento en Santiago,San Francisco 3 cuadras Alameda,5.0,29222,31922.0,4,https://www.airbnb.cl/rooms/807894797146257868?adults=1&children=0&enable_m3_private_room=true&infants=0&pets=0&check_in=2023-05-03&check_out=2023-05-10&previous_page_section_name=1000&federated_search_id=1452d6b4-ddeb-4f95-bd8a-b38467c49829
93,Habitación en Santiago,Habitación privada en pleno centro de Santiago,4.64,17723,,28,https://www.airbnb.cl/rooms/724652996101392244?adults=1&category_tag=Tag%3A8678&children=0&enable_m3_private_room=true&infants=0&pets=0&check_in=2023-05-05&check_out=2023-05-10&previous_page_section_name=1000&federated_search_id=1452d6b4-ddeb-4f95-bd8a-b38467c49829
94,Alojamiento vacacional en Las Vertientes,"Estilosa Cabaña a orillas del río, Cajón del Maipo",4.88,65013,,59,https://www.airbnb.cl/rooms/53103718?adults=1&children=0&enable_m3_private_room=true&infants=0&pets=0&check_in=2023-05-03&check_out=2023-05-08&previous_page_section_name=1000&federated_search_id=1452d6b4-ddeb-4f95-bd8a-b38467c49829
95,Apartamento en Santiago,Cama King Bed New & Electric Santa Lucia Hill 43TV 63,4.79,30863,39260.0,113,https://www.airbnb.cl/rooms/45274392?adults=1&children=0&enable_m3_private_room=true&infants=0&pets=0&check_in=2023-05-06&check_out=2023-05-11&previous_page_section_name=1000&federated_search_id=1452d6b4-ddeb-4f95-bd8a-b38467c49829
96,Apartamento en Santiago,Estudio con estilo en el centro histórico de Santiago,4.85,35644,,140,https://www.airbnb.cl/rooms/16807485?adults=1&children=0&enable_m3_private_room=true&infants=0&pets=0&check_in=2023-05-03&check_out=2023-05-08&previous_page_section_name=1000&federated_search_id=1452d6b4-ddeb-4f95-bd8a-b38467c49829
97,Apartamento en Santiago,Cómodo y céntrico departamento.,0.0,36308,44079.0,0,https://www.airbnb.cl/rooms/882151570621822229?adults=1&children=0&enable_m3_private_room=true&infants=0&pets=0&check_in=2023-05-03&check_out=2023-05-08&previous_page_section_name=1000&federated_search_id=1452d6b4-ddeb-4f95-bd8a-b38467c49829
98,Apartamento en Las Condes,★Exclusivo Apart ★Metro y Parking Gratis!,4.92,50323,63514.0,257,https://www.airbnb.cl/rooms/plus/19809641?adults=1&children=0&enable_m3_private_room=true&infants=0&pets=0&check_in=2023-05-05&check_out=2023-05-10&previous_page_section_name=1000&federated_search_id=1452d6b4-ddeb-4f95-bd8a-b38467c49829
99,Cabaña en Lo Barnechea,"Casa Ñilhue, Camino a la Farellones",4.84,122296,,73,https://www.airbnb.cl/rooms/34978926?adults=1&children=0&enable_m3_private_room=true&infants=0&pets=0&check_in=2023-05-03&check_out=2023-05-10&previous_page_section_name=1000&federated_search_id=1452d6b4-ddeb-4f95-bd8a-b38467c49829
100,Condo en Santiago,Apartment Cozy in Historic downtown/CentroSantiago,4.78,32532,45339.0,65,https://www.airbnb.cl/rooms/20331043?adults=1&children=0&enable_m3_private_room=true&infants=0&pets=0&check_in=2023-05-07&check_out=2023-05-12&previous_page_section_name=1000&federated_search_id=1452d6b4-ddeb-4f95-bd8a-b38467c49829
101,Apartamento en San Miguel,Departamento acogedor,4.67,40880,,9,https://www.airbnb.cl/rooms/831126938912410155?adults=1&children=0&enable_m3_private_room=true&infants=0&pets=0&check_in=2023-05-03&check_out=2023-05-08&previous_page_section_name=1000&federated_search_id=1452d6b4-ddeb-4f95-bd8a-b38467c49829
102,Apartamento en Ñuñoa,304- departamento en Ñuñoa,3.5,35039,,4,https://www.airbnb.cl/rooms/808812605958661067?adults=1&children=0&enable_m3_private_room=true&infants=0&pets=0&check_in=2023-05-03&check_out=2023-05-08&previous_page_section_name=1000&federated_search_id=1452d6b4-ddeb-4f95-bd8a-b38467c49829
103,Alojamiento en Lo Barnechea,"Casa del Arrayan, precordillera",4.87,70080,,15,https://www.airbnb.cl/rooms/769079275743175176?adults=1&children=0&enable_m3_private_room=true&infants=0&pets=0&check_in=2023-05-03&check_out=2023-05-08&previous_page_section_name=1000&federated_search_id=1452d6b4-ddeb-4f95-bd8a-b38467c49829
104,Alojamiento vacacional en Santiago,Departamento cómodo y acogedor.,4.82,33443,,11,https://www.airbnb.cl/rooms/10376508?adults=1&children=0&enable_m3_private_room=true&infants=0&pets=0&check_in=2023-05-03&check_out=2023-05-08&previous_page_section_name=1000&federated_search_id=1452d6b4-ddeb-4f95-bd8a-b38467c49829
105,Apartamento en Santiago,Metro Santa Isabel (2 cuadras) - WiFi,4.89,28032,,205,https://www.airbnb.cl/rooms/15646664?adults=1&children=0&enable_m3_private_room=true&infants=0&pets=0&check_in=2023-05-06&check_out=2023-05-12&previous_page_section_name=1000&federated_search_id=1452d6b4-ddeb-4f95-bd8a-b38467c49829
106,Condo en Santiago,Cómodo y Conveniente Condo Clásico Stgo Centro.,0.0,35156,,5,https://www.airbnb.cl/rooms/853078041232110201?adults=1&children=0&enable_m3_private_room=true&infants=0&pets=0&check_in=2023-05-03&check_out=2023-05-10&previous_page_section_name=1000&federated_search_id=1452d6b4-ddeb-4f95-bd8a-b38467c49829
107,Apartamento en Santiago,Tranquilo departamento en Bellas Artes/Lastarria 2,4.79,37610,41439.0,129,https://www.airbnb.cl/rooms/32955628?adults=1&children=0&enable_m3_private_room=true&infants=0&pets=0&check_in=2023-05-03&check_out=2023-05-08&previous_page_section_name=1000&federated_search_id=1452d6b4-ddeb-4f95-bd8a-b38467c49829
108,Habitación en Santiago,Depto. Cercano a Parque Almagro muy céntrico,4.34,12352,,85,https://www.airbnb.cl/rooms/33170009?adults=1&category_tag=Tag%3A8678&children=0&enable_m3_private_room=true&infants=0&pets=0&check_in=2023-05-07&check_out=2023-05-12&previous_page_section_name=1000&federated_search_id=3ef195f2-9bf3-44bb-9334-be6b40084cd1
109,Habitación en Las Condes,Habitación cercana a Mall y Metro Los Dominicos,4.64,18922,,25,https://www.airbnb.cl/rooms/796303015084256613?adults=1&category_tag=Tag%3A8678&children=0&enable_m3_private_room=true&infants=0&pets=0&check_in=2023-05-04&check_out=2023-05-09&previous_page_section_name=1000&federated_search_id=3ef195f2-9bf3-44bb-9334-be6b40084cd1
110,Habitación en Santiago,Habitación acogedora a pasos del metro Santa Lucía,4.73,17520,,30,https://www.airbnb.cl/rooms/709564966014162593?adults=1&category_tag=Tag%3A8678&children=0&enable_m3_private_room=true&infants=0&pets=0&check_in=2023-05-06&check_out=2023-05-11&previous_page_section_name=1000&federated_search_id=3ef195f2-9bf3-44bb-9334-be6b40084cd1
111,Condo en Santiago,Hermoso departamento con terraza en condominio,4.85,52560,,13,https://www.airbnb.cl/rooms/629858250161305146?adults=1&children=0&enable_m3_private_room=true&infants=0&pets=0&check_in=2023-05-03&check_out=2023-05-08&previous_page_section_name=1000&federated_search_id=3ef195f2-9bf3-44bb-9334-be6b40084cd1
112,Habitación en Santiago,cómodo alojamiento,4.3,16288,,8,https://www.airbnb.cl/rooms/850612556929026361?adults=1&category_tag=Tag%3A8678&children=0&enable_m3_private_room=true&infants=0&pets=0&check_in=2023-05-03&check_out=2023-05-08&previous_page_section_name=1000&federated_search_id=3ef195f2-9bf3-44bb-9334-be6b40084cd1
113,Alojamiento vacacional en San José de Maipo,Lodge de montaña Faldas del Punta Dama.,5.0,99370,118720.0,23,https://www.airbnb.cl/rooms/757178747252481583?adults=1&children=0&enable_m3_private_room=true&infants=0&pets=0&check_in=2023-05-07&check_out=2023-05-12&previous_page_section_name=1000&federated_search_id=3ef195f2-9bf3-44bb-9334-be6b40084cd1
114,Apartamento en Santiago,"Acogedor, cómodo c/Estacionamiento. 418",4.77,48562,,200,https://www.airbnb.cl/rooms/36453632?adults=1&children=0&enable_m3_private_room=true&infants=0&pets=0&check_in=2023-05-03&check_out=2023-05-09&previous_page_section_name=1000&federated_search_id=3ef195f2-9bf3-44bb-9334-be6b40084cd1
115,Apartamento en Estación Central,Departamento vista 1608 Cerca Metro,4.94,26667,,16,https://www.airbnb.cl/rooms/723019476126628503?adults=1&children=0&enable_m3_private_room=true&infants=0&pets=0&check_in=2023-05-03&check_out=2023-05-08&previous_page_section_name=1000&federated_search_id=3ef195f2-9bf3-44bb-9334-be6b40084cd1
116,Apartamento en Santiago Centro,Acogedor y Céntrico Departamento,4.79,31781,,285,https://www.airbnb.cl/rooms/7259890?adults=1&children=0&enable_m3_private_room=true&infants=0&pets=0&check_in=2023-05-04&check_out=2023-05-10&previous_page_section_name=1000&federated_search_id=3ef195f2-9bf3-44bb-9334-be6b40084cd1
117,Apartamento en Santiago,Estudios privado Santiago centro,0.5,25982,28982.0,4,https://www.airbnb.cl/rooms/783115010662183584?adults=1&children=0&enable_m3_private_room=true&infants=0&pets=0&check_in=2023-05-03&check_out=2023-05-10&previous_page_section_name=1000&federated_search_id=3ef195f2-9bf3-44bb-9334-be6b40084cd1
118,Condo en Santiago,Hermoso Departamento en ubicación hiper-conectada.,4.82,30755,33635.0,11,https://www.airbnb.cl/rooms/744420881945520729?adults=1&children=0&enable_m3_private_room=true&infants=0&pets=0&check_in=2023-05-03&check_out=2023-05-10&previous_page_section_name=1000&federated_search_id=3ef195f2-9bf3-44bb-9334-be6b40084cd1
119,Apartamento en Santiago,Cómodo y Linda Vista,0.0,39082,,0,https://www.airbnb.cl/rooms/869802384434321764?adults=1&children=0&enable_m3_private_room=true&infants=0&pets=0&check_in=2023-05-06&check_out=2023-05-11&previous_page_section_name=1000&federated_search_id=3ef195f2-9bf3-44bb-9334-be6b40084cd1
120,Apartamento en Santiago,Céntrico agradable y cómodo dpto,4.82,25462,32237.0,11,https://www.airbnb.cl/rooms/815298538761402998?adults=1&children=0&enable_m3_private_room=true&infants=0&pets=0&check_in=2023-05-06&check_out=2023-05-11&previous_page_section_name=1000&federated_search_id=3ef195f2-9bf3-44bb-9334-be6b40084cd1
121,Condo en La Florida,Céntrico  departamento en La Florida,4.53,41360,,136,https://www.airbnb.cl/rooms/27570335?adults=1&children=0&enable_m3_private_room=true&infants=0&pets=0&check_in=2023-05-03&check_out=2023-05-10&previous_page_section_name=1000&federated_search_id=3ef195f2-9bf3-44bb-9334-be6b40084cd1
122,Apartamento en Providencia,"Bellavista Serenity 1BR, con estacionamiento, aire acondicionado y terraza",4.58,30529,52093.0,93,https://www.airbnb.cl/rooms/29281357?adults=1&children=0&enable_m3_private_room=true&infants=0&pets=0&check_in=2023-05-06&check_out=2023-05-11&previous_page_section_name=1000&federated_search_id=3ef195f2-9bf3-44bb-9334-be6b40084cd1
123,Apartamento en Lo Barnechea,Un dormitorio con la terraza- Los Trapenses,4.4,97725,,15,https://www.airbnb.cl/rooms/615822820923814915?adults=1&children=0&enable_m3_private_room=true&infants=0&pets=0&check_in=2023-05-03&check_out=2023-05-08&previous_page_section_name=1000&federated_search_id=3ef195f2-9bf3-44bb-9334-be6b40084cd1
124,Loft en Santiago,6 LOFT moderno Ñuñoa WIFI cocinaOK,4.72,24621,28253.0,36,https://www.airbnb.cl/rooms/38409046?adults=1&children=0&enable_m3_private_room=true&infants=0&pets=0&check_in=2023-05-03&check_out=2023-05-08&previous_page_section_name=1000&federated_search_id=3ef195f2-9bf3-44bb-9334-be6b40084cd1
125,Apartamento en Santiago,Dpto studio Ñuñoa,0.0,35039,,0,https://www.airbnb.cl/rooms/868854764232666294?adults=1&children=0&enable_m3_private_room=true&infants=0&pets=0&check_in=2023-05-03&check_out=2023-05-08&previous_page_section_name=1000&federated_search_id=3ef195f2-9bf3-44bb-9334-be6b40084cd1
126,Alojamiento en Santiago,Casa en la montaña con vistas únicas.,4.79,126328,,164,https://www.airbnb.cl/rooms/36178636?adults=1&children=0&enable_m3_private_room=true&infants=0&pets=0&check_in=2023-05-07&check_out=2023-05-12&previous_page_section_name=1000&federated_search_id=c20acdb6-145f-40af-8e52-fefdd909d40d
127,Condo en Santiago,Depto metro moneda vista torre entel 2,4.68,32704,37805.0,22,https://www.airbnb.cl/rooms/628344712084046183?adults=1&children=0&enable_m3_private_room=true&infants=0&pets=0&check_in=2023-05-03&check_out=2023-05-08&previous_page_section_name=1000&federated_search_id=c20acdb6-145f-40af-8e52-fefdd909d40d
128,Domo en El Canelo,"Montaña, tranquilidad y desconexión",4.8,125560,143060.0,55,https://www.airbnb.cl/rooms/560881702092137700?adults=1&children=0&enable_m3_private_room=true&infants=0&pets=0&check_in=2023-05-07&check_out=2023-05-12&previous_page_section_name=1000&federated_search_id=c20acdb6-145f-40af-8e52-fefdd909d40d
129,Apartamento en Santiago,Apart. Santiago Nuevo,4.83,37856,,6,https://www.airbnb.cl/rooms/814301867344865867?adults=1&children=0&enable_m3_private_room=true&infants=0&pets=0&check_in=2023-05-03&check_out=2023-05-10&previous_page_section_name=1000&federated_search_id=c20acdb6-145f-40af-8e52-fefdd909d40d
130,Apartamento en Santiago,Apartamento Amoblado Stgo Centro 1 ambiente 30m2,4.8,38719,44569.0,174,https://www.airbnb.cl/rooms/49655554?adults=1&children=0&enable_m3_private_room=true&infants=0&pets=0&check_in=2023-05-07&check_out=2023-05-12&previous_page_section_name=1000&federated_search_id=c20acdb6-145f-40af-8e52-fefdd909d40d
131,Habitación en Santiago,"Habitación Tribeca con dos camas individuales, estudio con piscina, WiFi, aire acondicionado",4.45,18253,27137.0,74,https://www.airbnb.cl/rooms/47114543?adults=1&category_tag=Tag%3A8678&children=0&enable_m3_private_room=true&infants=0&pets=0&check_in=2023-05-08&check_out=2023-05-13&previous_page_section_name=1000&federated_search_id=c20acdb6-145f-40af-8e52-fefdd909d40d
132,Habitación en Providencia,A-Habitación en casa .muy acogedora .,4.0,17640,,48,https://www.airbnb.cl/rooms/578730678615455987?adults=1&category_tag=Tag%3A8678&children=0&enable_m3_private_room=true&infants=0&pets=0&check_in=2023-05-03&check_out=2023-05-10&previous_page_section_name=1000&federated_search_id=c20acdb6-145f-40af-8e52-fefdd909d40d
133,Apartamento en Providencia,Cómodo depto Urbano en barrio Manuel Montt c/est.,4.74,56635,,86,https://www.airbnb.cl/rooms/46461328?adults=1&children=0&enable_m3_private_room=true&infants=0&pets=0&check_in=2023-05-03&check_out=2023-05-08&previous_page_section_name=1000&federated_search_id=c20acdb6-145f-40af-8e52-fefdd909d40d
134,Apartamento en Las Condes,★Exclusivo Apart ★Metro y Parking Gratis!,4.92,50323,63514.0,257,https://www.airbnb.cl/rooms/plus/19809641?adults=1&children=0&enable_m3_private_room=true&infants=0&pets=0&check_in=2023-05-05&check_out=2023-05-10&previous_page_section_name=1000&federated_search_id=c20acdb6-145f-40af-8e52-fefdd909d40d
135,Habitación en Las Condes,Excelente ubicación,4.67,29200,32811.0,36,https://www.airbnb.cl/rooms/48103958?adults=1&category_tag=Tag%3A8678&children=0&enable_m3_private_room=true&infants=0&pets=0&check_in=2023-05-03&check_out=2023-05-09&previous_page_section_name=1000&federated_search_id=c20acdb6-145f-40af-8e52-fefdd909d40d
136,Apartamento en Santiago,Departamento 1 dormitorio 2 adultos,4.56,36344,,97,https://www.airbnb.cl/rooms/25810277?adults=1&children=0&enable_m3_private_room=true&infants=0&pets=0&check_in=2023-05-03&check_out=2023-05-08&previous_page_section_name=1000&federated_search_id=c20acdb6-145f-40af-8e52-fefdd909d40d
137,Apartamento en Santiago,Departamento estudio Santiago,0.0,37272,,0,https://www.airbnb.cl/rooms/863879850262417945?adults=1&children=0&enable_m3_private_room=true&infants=0&pets=0&check_in=2023-05-04&check_out=2023-05-11&previous_page_section_name=1000&federated_search_id=c20acdb6-145f-40af-8e52-fefdd909d40d
138,Apartamento en Providencia,"2 habitaciones Wifi, A/C, Estacionamiento, 1 baño",0.0,34880,,0,https://www.airbnb.cl/rooms/845750393744899268?adults=1&children=0&enable_m3_private_room=true&infants=0&pets=0&check_in=2023-05-04&check_out=2023-05-09&previous_page_section_name=1000&federated_search_id=c20acdb6-145f-40af-8e52-fefdd909d40d
139,Apartamento en Las Condes,Departamento cerca de Clínica las Condes,0.0,44624,,0,https://www.airbnb.cl/rooms/878133686362118989?adults=1&children=0&enable_m3_private_room=true&infants=0&pets=0&check_in=2023-05-29&check_out=2023-06-05&previous_page_section_name=1000&federated_search_id=c20acdb6-145f-40af-8e52-fefdd909d40d
140,Habitación en Las Condes,Casa Santiago Oriente 2,0.0,16774,,0,https://www.airbnb.cl/rooms/848681376589123509?adults=1&category_tag=Tag%3A8678&children=0&enable_m3_private_room=true&infants=0&pets=0&check_in=2023-05-03&check_out=2023-05-08&previous_page_section_name=1000&federated_search_id=c20acdb6-145f-40af-8e52-fefdd909d40d
141,Apartamento en Santiago,Departamento Centro de Santiago _ Vista Despejada.,4.5,41552,,6,https://www.airbnb.cl/rooms/806530173818331579?adults=1&children=0&enable_m3_private_room=true&infants=0&pets=0&check_in=2023-05-03&check_out=2023-05-08&previous_page_section_name=1000&federated_search_id=c20acdb6-145f-40af-8e52-fefdd909d40d
142,Alojamiento vacacional en Santiago,Departamento cómodo y acogedor.,4.82,33443,,11,https://www.airbnb.cl/rooms/10376508?adults=1&children=0&enable_m3_private_room=true&infants=0&pets=0&check_in=2023-05-03&check_out=2023-05-08&previous_page_section_name=1000&federated_search_id=c20acdb6-145f-40af-8e52-fefdd909d40d
143,Habitación en Santiago,Habitación privada cerca a Palacio la Moneda,4.68,24530,,31,https://www.airbnb.cl/rooms/774681412410816345?adults=1&category_tag=Tag%3A8678&children=0&enable_m3_private_room=true&infants=0&pets=0&check_in=2023-05-03&check_out=2023-05-08&previous_page_section_name=1000&federated_search_id=c20acdb6-145f-40af-8e52-fefdd909d40d
144,Apartamento en Santiago,"Bellas Artes 2, Santiago Centro",0.0,34400,,0,https://www.airbnb.cl/rooms/874093226177270662?adults=1&children=0&enable_m3_private_room=true&infants=0&pets=0&check_in=2023-05-07&check_out=2023-05-12&previous_page_section_name=1000&federated_search_id=a5572f72-74a2-4391-8a4a-52a840e5a014
145,Condo en Santiago,Depto metro moneda vista torre entel 2,4.68,32704,37805.0,22,https://www.airbnb.cl/rooms/628344712084046183?adults=1&children=0&enable_m3_private_room=true&infants=0&pets=0&check_in=2023-05-03&check_out=2023-05-08&previous_page_section_name=1000&federated_search_id=a5572f72-74a2-4391-8a4a-52a840e5a014
146,Cabaña en Lo Barnechea,Casa Camino Farellones,4.78,123060,137418.0,73,https://www.airbnb.cl/rooms/37725534?adults=1&children=0&enable_m3_private_room=true&infants=0&pets=0&check_in=2023-05-03&check_out=2023-05-09&previous_page_section_name=1000&federated_search_id=a5572f72-74a2-4391-8a4a-52a840e5a014
147,Apartamento en Santiago,Departamento estudio,0.0,21360,,0,https://www.airbnb.cl/rooms/860955936666014831?adults=1&children=0&enable_m3_private_room=true&infants=0&pets=0&check_in=2023-05-14&check_out=2023-05-19&previous_page_section_name=1000&federated_search_id=a5572f72-74a2-4391-8a4a-52a840e5a014
148,Loft en Santiago,Moderno Depto con encanto en Barrio Lastarria,0.0,37531,,0,https://www.airbnb.cl/rooms/870363509941000652?adults=1&children=0&enable_m3_private_room=true&infants=0&pets=0&check_in=2023-05-09&check_out=2023-05-16&previous_page_section_name=1000&federated_search_id=a5572f72-74a2-4391-8a4a-52a840e5a014
149,Apartamento en Ñuñoa,Estadio nacional 3,4.45,38194,,92,https://www.airbnb.cl/rooms/49566353?adults=1&children=0&enable_m3_private_room=true&infants=0&pets=0&check_in=2023-05-09&check_out=2023-05-14&previous_page_section_name=1000&federated_search_id=a5572f72-74a2-4391-8a4a-52a840e5a014
150,Apartamento en Ñuñoa,Departamento en Ñuñoa 1 cuadra Villa Frei,4.61,39104,,38,https://www.airbnb.cl/rooms/44318270?adults=1&children=0&enable_m3_private_room=true&infants=0&pets=0&check_in=2023-05-07&check_out=2023-05-13&previous_page_section_name=1000&federated_search_id=a5572f72-74a2-4391-8a4a-52a840e5a014
151,Apartamento en Santiago,Impresionante Loft/Bellas Artes/Lugar de trabajo/Se aceptan mascotas,4.71,43092,57728.0,34,https://www.airbnb.cl/rooms/580420036921832506?adults=1&children=0&enable_m3_private_room=true&infants=0&pets=0&check_in=2023-05-03&check_out=2023-05-09&previous_page_section_name=1000&federated_search_id=a5572f72-74a2-4391-8a4a-52a840e5a014
152,Apartamento en Santiago,Buena Ubicación y Cálido Depto,4.7,31701,,77,https://www.airbnb.cl/rooms/33808867?adults=1&children=0&enable_m3_private_room=true&infants=0&pets=0&check_in=2023-05-04&check_out=2023-05-11&previous_page_section_name=1000&federated_search_id=a5572f72-74a2-4391-8a4a-52a840e5a014
153,Apartamento en Santiago,Estudio inmejorablemente ubicado en Lastarria,4.79,39245,,196,https://www.airbnb.cl/rooms/17268242?adults=1&children=0&enable_m3_private_room=true&infants=0&pets=0&check_in=2023-05-04&check_out=2023-05-09&previous_page_section_name=1000&federated_search_id=a5572f72-74a2-4391-8a4a-52a840e5a014
154,Apartamento en Santiago,"Departamento Barrió
República",5.0,36792,,8,https://www.airbnb.cl/rooms/855820493033807176?adults=1&children=0&enable_m3_private_room=true&infants=0&pets=0&check_in=2023-05-14&check_out=2023-05-19&previous_page_section_name=1000&federated_search_id=a5572f72-74a2-4391-8a4a-52a840e5a014
155,Loft en Santiago,Loft Vista Sky ((Santiago Full Duplex)),4.92,58447,,378,https://www.airbnb.cl/rooms/29742341?adults=1&children=0&enable_m3_private_room=true&infants=0&pets=0&check_in=2023-05-18&check_out=2023-05-23&previous_page_section_name=1000&federated_search_id=a5572f72-74a2-4391-8a4a-52a840e5a014
156,Apartamento en Santiago,"APARTAMENTO NUEVO, CERCA DEL METRO DE SANTA ANA, TODO NUEVO",4.76,29640,,91,https://www.airbnb.cl/rooms/35204079?adults=1&children=0&enable_m3_private_room=true&infants=0&pets=0&check_in=2023-05-05&check_out=2023-05-10&previous_page_section_name=1000&federated_search_id=a5572f72-74a2-4391-8a4a-52a840e5a014
157,Tienda de campo en Santiago,tienda para aventureros,0.0,8565,10399.0,0,https://www.airbnb.cl/rooms/878515384355962054?adults=1&children=0&enable_m3_private_room=true&infants=0&pets=0&check_in=2023-05-03&check_out=2023-05-09&previous_page_section_name=1000&federated_search_id=a5572f72-74a2-4391-8a4a-52a840e5a014
158,Apartamento en Santiago,Tranquilo departamento en Bellas Artes/Lastarria,4.7,36013,40322.0,289,https://www.airbnb.cl/rooms/14105537?adults=1&children=0&enable_m3_private_room=true&infants=0&pets=0&check_in=2023-05-06&check_out=2023-05-12&previous_page_section_name=1000&federated_search_id=a5572f72-74a2-4391-8a4a-52a840e5a014
159,Habitación en Santiago,El balcón del dormitorio de Leah.,4.92,17520,,432,https://www.airbnb.cl/rooms/21965635?adults=1&category_tag=Tag%3A8678&children=0&enable_m3_private_room=true&infants=0&pets=0&check_in=2023-05-06&check_out=2023-05-11&previous_page_section_name=1000&federated_search_id=a5572f72-74a2-4391-8a4a-52a840e5a014
160,Apartamento en Santiago,Exclusivo Apart Hotel en el Centro de Santiago3,4.71,40000,,35,https://www.airbnb.cl/rooms/681892115638851897?adults=1&children=0&enable_m3_private_room=true&infants=0&pets=0&check_in=2023-05-03&check_out=2023-05-08&previous_page_section_name=1000&federated_search_id=a5572f72-74a2-4391-8a4a-52a840e5a014
161,Apartamento en Santiago,Departamento Centro de Santiago _ Vista Despejada.,4.5,41552,,6,https://www.airbnb.cl/rooms/806530173818331579?adults=1&children=0&enable_m3_private_room=true&infants=0&pets=0&check_in=2023-05-03&check_out=2023-05-08&previous_page_section_name=1000&federated_search_id=a5572f72-74a2-4391-8a4a-52a840e5a014
162,Apartamento en Las Condes,Lindo y cómodo departamento,4.77,47200,,13,https://www.airbnb.cl/rooms/841404503844351211?adults=1&children=0&enable_m3_private_room=true&infants=0&pets=0&check_in=2023-05-20&check_out=2023-05-27&previous_page_section_name=1000&federated_search_id=ef050188-4501-4509-9acb-0e05ecc6cac6
163,Loft en Santiago,Departamento dos pisos centro de Santiago,4.89,33011,39367.0,136,https://www.airbnb.cl/rooms/11226656?adults=1&children=0&enable_m3_private_room=true&infants=0&pets=0&check_in=2023-05-03&check_out=2023-05-08&previous_page_section_name=1000&federated_search_id=ef050188-4501-4509-9acb-0e05ecc6cac6
164,Apartamento en Santiago,"Estudio amoblado, sector cerro Santa Lucia",4.85,27871,30442.0,80,https://www.airbnb.cl/rooms/16455357?adults=1&children=0&enable_m3_private_room=true&infants=0&pets=0&check_in=2023-05-03&check_out=2023-05-10&previous_page_section_name=1000&federated_search_id=ef050188-4501-4509-9acb-0e05ecc6cac6
165,Apartamento en Las Condes,Departamento Escuela Militar. Las Condes,4.8,46720,,25,https://www.airbnb.cl/rooms/24698929?adults=1&children=0&enable_m3_private_room=true&infants=0&pets=0&check_in=2023-05-14&check_out=2023-05-19&previous_page_section_name=1000&federated_search_id=ef050188-4501-4509-9acb-0e05ecc6cac6
166,Condo en Santiago,Departamento America mosqueto bellas artes stgo,4.74,43049,,287,https://www.airbnb.cl/rooms/24489982?adults=1&children=0&enable_m3_private_room=true&infants=0&pets=0&check_in=2023-05-03&check_out=2023-05-10&previous_page_section_name=1000&federated_search_id=ef050188-4501-4509-9acb-0e05ecc6cac6
167,Apartamento en Santiago,"Depto 1 dormitorio, Huérfanos 1400 +Terraza +Vista",4.79,25534,,19,https://www.airbnb.cl/rooms/9366176?adults=1&children=0&enable_m3_private_room=true&infants=0&pets=0&check_in=2023-05-05&check_out=2023-05-10&previous_page_section_name=1000&federated_search_id=ef050188-4501-4509-9acb-0e05ecc6cac6
168,Casa de campo en Pirque,Moderna Cabaña con tinaja caliente,4.93,70349,,40,https://www.airbnb.cl/rooms/710383341971699608?adults=1&children=0&enable_m3_private_room=true&infants=0&pets=0&check_in=2023-05-07&check_out=2023-05-12&previous_page_section_name=1000&federated_search_id=ef050188-4501-4509-9acb-0e05ecc6cac6
169,Apartamento en Santiago,Departamento Centro de Santiago _ Vista Despejada.,4.5,41552,,6,https://www.airbnb.cl/rooms/806530173818331579?adults=1&children=0&enable_m3_private_room=true&infants=0&pets=0&check_in=2023-05-03&check_out=2023-05-08&previous_page_section_name=1000&federated_search_id=ef050188-4501-4509-9acb-0e05ecc6cac6
170,Apartamento en La Florida,Dpto en La Florida,5.0,47098,,10,https://www.airbnb.cl/rooms/814058409512437985?adults=1&children=0&enable_m3_private_room=true&infants=0&pets=0&check_in=2023-05-03&check_out=2023-05-08&previous_page_section_name=1000&federated_search_id=ef050188-4501-4509-9acb-0e05ecc6cac6
171,Alojamiento vacacional en Recoleta,Lindo y luminoso depto en Barrio Bellavista,4.64,30710,,44,https://www.airbnb.cl/rooms/54129968?adults=1&children=0&enable_m3_private_room=true&infants=0&pets=0&check_in=2023-05-06&check_out=2023-05-12&previous_page_section_name=1000&federated_search_id=ef050188-4501-4509-9acb-0e05ecc6cac6
172,Apartamento en Santiago,Departamento nuevo 100% Equipado a pasos del Metro,4.96,28704,36991.0,25,https://www.airbnb.cl/rooms/684709462994129047?adults=1&children=0&enable_m3_private_room=true&infants=0&pets=0&check_in=2023-05-15&check_out=2023-05-20&previous_page_section_name=1000&federated_search_id=ef050188-4501-4509-9acb-0e05ecc6cac6
173,Apartamento en Santiago,Hermoso Departamento a pasos del metro Irarrazaval,4.1,33712,,7,https://www.airbnb.cl/rooms/752883255061103665?adults=1&children=0&enable_m3_private_room=true&infants=0&pets=0&check_in=2023-05-03&check_out=2023-05-08&previous_page_section_name=1000&federated_search_id=ef050188-4501-4509-9acb-0e05ecc6cac6
174,Apartamento en Providencia,DEPARTAMENTOS GABANNA SUITES 2,4.82,59802,,172,https://www.airbnb.cl/rooms/46808442?adults=1&children=0&enable_m3_private_room=true&infants=0&pets=0&check_in=2023-05-03&check_out=2023-05-08&previous_page_section_name=1000&federated_search_id=ef050188-4501-4509-9acb-0e05ecc6cac6
175,Apartamento en Providencia,Increíble Depto en Providencia,4.73,56635,,95,https://www.airbnb.cl/rooms/45456424?adults=1&children=0&enable_m3_private_room=true&infants=0&pets=0&check_in=2023-05-03&check_out=2023-05-08&previous_page_section_name=1000&federated_search_id=ef050188-4501-4509-9acb-0e05ecc6cac6
176,Alojamiento en Santiago,"Casa Zenteno, casa centenaria",0.0,42048,56048.0,0,https://www.airbnb.cl/rooms/860945734061902551?adults=1&children=0&enable_m3_private_room=true&infants=0&pets=0&check_in=2023-05-03&check_out=2023-05-10&previous_page_section_name=1000&federated_search_id=ef050188-4501-4509-9acb-0e05ecc6cac6
177,Apartamento en Santiago,Impresionante vista a santiago,0.0,57372,69472.0,0,https://www.airbnb.cl/rooms/877629280739602914?adults=1&children=0&enable_m3_private_room=true&infants=0&pets=0&check_in=2023-05-03&check_out=2023-05-08&previous_page_section_name=1000&federated_search_id=ef050188-4501-4509-9acb-0e05ecc6cac6
178,Apartamento en Las Condes,"Depto completo, hasta 4pp, muy acogedor",4.84,43822,,135,https://www.airbnb.cl/rooms/38627921?adults=1&children=0&enable_m3_private_room=true&infants=0&pets=0&check_in=2023-05-14&check_out=2023-05-19&previous_page_section_name=1000&federated_search_id=ef050188-4501-4509-9acb-0e05ecc6cac6
179,Habitación en Santiago,Dormitorio disponible cómodo,4.81,17870,20570.0,21,https://www.airbnb.cl/rooms/30930765?adults=1&category_tag=Tag%3A8678&children=0&enable_m3_private_room=true&infants=0&pets=0&check_in=2023-05-04&check_out=2023-05-11&previous_page_section_name=1000&federated_search_id=ef050188-4501-4509-9acb-0e05ecc6cac6
180,Habitación en Recoleta,Acogedora habitación en barrio Bellavista,4.75,23360,,28,https://www.airbnb.cl/rooms/579829391682525408?adults=1&category_tag=Tag%3A8678&children=0&enable_m3_private_room=true&infants=0&pets=0&check_in=2023-05-03&check_out=2023-05-08&previous_page_section_name=1000&federated_search_id=a0c2cd39-205b-43fc-b92f-c332a1357bbc
181,Apartamento en Santiago Centro,Acogedor y Céntrico Departamento,4.79,31781,,285,https://www.airbnb.cl/rooms/7259890?adults=1&children=0&enable_m3_private_room=true&infants=0&pets=0&check_in=2023-05-04&check_out=2023-05-10&previous_page_section_name=1000&federated_search_id=a0c2cd39-205b-43fc-b92f-c332a1357bbc
182,Apartamento en Santiago,Exclusivo Apart Hotel en el Centro de Santiago3,4.71,40000,,35,https://www.airbnb.cl/rooms/681892115638851897?adults=1&children=0&enable_m3_private_room=true&infants=0&pets=0&check_in=2023-05-03&check_out=2023-05-08&previous_page_section_name=1000&federated_search_id=a0c2cd39-205b-43fc-b92f-c332a1357bbc
183,Apartamento en Santiago,M8_Centro de Santiago,4.84,39048,,49,https://www.airbnb.cl/rooms/21795547?adults=1&children=0&enable_m3_private_room=true&infants=0&pets=0&check_in=2023-05-08&check_out=2023-05-13&previous_page_section_name=1000&federated_search_id=a0c2cd39-205b-43fc-b92f-c332a1357bbc
184,Apartamento en Huechuraba,Bosques chic,0.0,33408,,0,https://www.airbnb.cl/rooms/857431189666814380?adults=1&children=0&enable_m3_private_room=true&infants=0&pets=0&check_in=2023-05-03&check_out=2023-05-10&previous_page_section_name=1000&federated_search_id=a0c2cd39-205b-43fc-b92f-c332a1357bbc
185,Apartamento en Santiago,Hermoso departamento cómodo y centrico.,4.9,45552,,50,https://www.airbnb.cl/rooms/756577319232108275?adults=1&children=0&enable_m3_private_room=true&infants=0&pets=0&check_in=2023-05-29&check_out=2023-06-03&previous_page_section_name=1000&federated_search_id=a0c2cd39-205b-43fc-b92f-c332a1357bbc
186,Apartamento en Santiago,Apartamento piso bajo sector Bellas Artes.,4.57,44799,,137,https://www.airbnb.cl/rooms/43097450?adults=1&children=0&enable_m3_private_room=true&infants=0&pets=0&check_in=2023-05-03&check_out=2023-05-08&previous_page_section_name=1000&federated_search_id=a0c2cd39-205b-43fc-b92f-c332a1357bbc
187,Habitación en Las Condes,Excelente ubicación,4.67,29200,32811.0,36,https://www.airbnb.cl/rooms/48103958?adults=1&category_tag=Tag%3A8678&children=0&enable_m3_private_room=true&infants=0&pets=0&check_in=2023-05-03&check_out=2023-05-09&previous_page_section_name=1000&federated_search_id=a0c2cd39-205b-43fc-b92f-c332a1357bbc
188,Apartamento en Macul,Perfecta vista nocturna y conectividad total .,4.88,43051,,158,https://www.airbnb.cl/rooms/24250883?adults=1&children=0&enable_m3_private_room=true&infants=0&pets=0&check_in=2023-05-04&check_out=2023-05-09&previous_page_section_name=1000&federated_search_id=a0c2cd39-205b-43fc-b92f-c332a1357bbc
189,Habitación en Las Condes,Habitación cercana a Mall y Metro Los Dominicos,4.64,18922,,25,https://www.airbnb.cl/rooms/796303015084256613?adults=1&category_tag=Tag%3A8678&children=0&enable_m3_private_room=true&infants=0&pets=0&check_in=2023-05-04&check_out=2023-05-09&previous_page_section_name=1000&federated_search_id=a0c2cd39-205b-43fc-b92f-c332a1357bbc
190,Apartamento en Santiago,Dpto Studio Amoblado y Parking,0.0,24189,29366.0,0,https://www.airbnb.cl/rooms/843132668590344240?adults=1&children=0&enable_m3_private_room=true&infants=0&pets=0&check_in=2023-05-03&check_out=2023-05-10&previous_page_section_name=1000&federated_search_id=a0c2cd39-205b-43fc-b92f-c332a1357bbc
191,Habitación en Providencia,A-Habitación en casa .muy acogedora .,4.0,17640,,48,https://www.airbnb.cl/rooms/578730678615455987?adults=1&category_tag=Tag%3A8678&children=0&enable_m3_private_room=true&infants=0&pets=0&check_in=2023-05-03&check_out=2023-05-10&previous_page_section_name=1000&federated_search_id=a0c2cd39-205b-43fc-b92f-c332a1357bbc
192,Cabaña en Lo Barnechea,Iluminada casa de piedra entre bosque y río,4.93,122976,142309.0,143,https://www.airbnb.cl/rooms/19962001?adults=1&children=0&enable_m3_private_room=true&infants=0&pets=0&check_in=2023-05-07&check_out=2023-05-12&previous_page_section_name=1000&federated_search_id=a0c2cd39-205b-43fc-b92f-c332a1357bbc
193,Apartamento en Santiago,Departamento en corazón de Santiago,4.8,40405,,80,https://www.airbnb.cl/rooms/16649274?adults=1&children=0&enable_m3_private_room=true&infants=0&pets=0&check_in=2023-05-03&check_out=2023-05-09&previous_page_section_name=1000&federated_search_id=a0c2cd39-205b-43fc-b92f-c332a1357bbc
194,Apartamento en Santiago,Impresionante estudio en el centro de BOREALIS,4.89,35600,40571.0,192,https://www.airbnb.cl/rooms/13771334?adults=1&children=0&enable_m3_private_room=true&infants=0&pets=0&check_in=2023-05-07&check_out=2023-05-13&previous_page_section_name=1000&federated_search_id=a0c2cd39-205b-43fc-b92f-c332a1357bbc
195,Apartamento en Santiago,San Francisco 3 cuadras Alameda,5.0,29222,31922.0,4,https://www.airbnb.cl/rooms/807894797146257868?adults=1&children=0&enable_m3_private_room=true&infants=0&pets=0&check_in=2023-05-03&check_out=2023-05-10&previous_page_section_name=1000&federated_search_id=a0c2cd39-205b-43fc-b92f-c332a1357bbc
196,Apartamento en Santiago,"Cómodo depto en Stgo. Centro, vista insuperable.",4.83,32120,,121,https://www.airbnb.cl/rooms/45941201?adults=1&children=0&enable_m3_private_room=true&infants=0&pets=0&check_in=2023-05-13&check_out=2023-05-18&previous_page_section_name=1000&federated_search_id=a0c2cd39-205b-43fc-b92f-c332a1357bbc
197,Habitación en Las Condes,Acogedora habitación 🧸 con encantadora vista 🌱 y excelente ubicación 🌃,4.78,23360,,79,https://www.airbnb.cl/rooms/53066262?adults=1&category_tag=Tag%3A8678&children=0&enable_m3_private_room=true&infants=0&pets=0&check_in=2023-05-11&check_out=2023-05-16&previous_page_section_name=1000&federated_search_id=a0c2cd39-205b-43fc-b92f-c332a1357bbc
198,Apartamento en Santiago,"Depto 1 dormitorio, Huérfanos 1400 +Terraza +Vista",4.79,25534,,19,https://www.airbnb.cl/rooms/9366176?adults=1&children=0&enable_m3_private_room=true&infants=0&pets=0&check_in=2023-05-05&check_out=2023-05-10&previous_page_section_name=1000&federated_search_id=223a3f5e-7784-41ae-8163-c8a4f7a15eaf
199,Apartamento en Santiago,11 Stgo centro 2B/2B Nuevo| moderno| equipado,4.88,33730,48822.0,26,https://www.airbnb.cl/rooms/688657967521901310?adults=1&children=0&enable_m3_private_room=true&infants=0&pets=0&check_in=2023-05-03&check_out=2023-05-09&previous_page_section_name=1000&federated_search_id=223a3f5e-7784-41ae-8163-c8a4f7a15eaf
200,Apartamento en Santiago,"APARTAMENTO NUEVO, CERCA DEL METRO DE SANTA ANA, TODO NUEVO",4.76,29640,,91,https://www.airbnb.cl/rooms/35204079?adults=1&children=0&enable_m3_private_room=true&infants=0&pets=0&check_in=2023-05-05&check_out=2023-05-10&previous_page_section_name=1000&federated_search_id=223a3f5e-7784-41ae-8163-c8a4f7a15eaf
201,Condo en Santiago,Cómodo Home Studio con amplia terraza.,4.98,29760,,54,https://www.airbnb.cl/rooms/50249447?adults=1&children=0&enable_m3_private_room=true&infants=0&pets=0&check_in=2023-05-03&check_out=2023-05-09&previous_page_section_name=1000&federated_search_id=223a3f5e-7784-41ae-8163-c8a4f7a15eaf
202,Apartamento en Providencia,DEPARTAMENTOS GABANNA SUITES 1,4.84,59568,66265.0,255,https://www.airbnb.cl/rooms/45127425?adults=1&children=0&enable_m3_private_room=true&infants=0&pets=0&check_in=2023-05-05&check_out=2023-05-10&previous_page_section_name=1000&federated_search_id=223a3f5e-7784-41ae-8163-c8a4f7a15eaf
203,Apartamento en Santiago,Hermoso Departamento a pasos del metro Irarrazaval,4.1,33712,,7,https://www.airbnb.cl/rooms/752883255061103665?adults=1&children=0&enable_m3_private_room=true&infants=0&pets=0&check_in=2023-05-03&check_out=2023-05-08&previous_page_section_name=1000&federated_search_id=223a3f5e-7784-41ae-8163-c8a4f7a15eaf
204,Apartamento en Santiago,Estudio inmejorablemente ubicado en Lastarria,4.79,39245,,196,https://www.airbnb.cl/rooms/17268242?adults=1&children=0&enable_m3_private_room=true&infants=0&pets=0&check_in=2023-05-04&check_out=2023-05-09&previous_page_section_name=1000&federated_search_id=223a3f5e-7784-41ae-8163-c8a4f7a15eaf
205,Apartamento en La Florida,"Lindo dpto, con estacionamiento,  condominio",4.89,46454,,28,https://www.airbnb.cl/rooms/746460355196195454?adults=1&children=0&enable_m3_private_room=true&infants=0&pets=0&check_in=2023-05-03&check_out=2023-05-08&previous_page_section_name=1000&federated_search_id=223a3f5e-7784-41ae-8163-c8a4f7a15eaf
206,Apartamento en Santiago,Metro Bellas Artes Departamento,4.19,36595,41335.0,37,https://www.airbnb.cl/rooms/50490187?adults=1&children=0&enable_m3_private_room=true&infants=0&pets=0&check_in=2023-05-03&check_out=2023-05-10&previous_page_section_name=1000&federated_search_id=223a3f5e-7784-41ae-8163-c8a4f7a15eaf
207,Condo en Santiago,Cómodo y Conveniente Condo Clásico Stgo Centro.,0.0,35156,,5,https://www.airbnb.cl/rooms/853078041232110201?adults=1&children=0&enable_m3_private_room=true&infants=0&pets=0&check_in=2023-05-03&check_out=2023-05-10&previous_page_section_name=1000&federated_search_id=223a3f5e-7784-41ae-8163-c8a4f7a15eaf
208,Lugar para quedarse en Las Condes,Habitación Pequeña y Baño Privado  Escuela Militar,5.0,27798,,25,https://www.airbnb.cl/rooms/721193798077374795?adults=1&children=0&enable_m3_private_room=true&infants=0&pets=0&check_in=2023-05-03&check_out=2023-05-08&previous_page_section_name=1000&federated_search_id=223a3f5e-7784-41ae-8163-c8a4f7a15eaf
209,Habitación en Quilicura,Cómoda habitación cerca aeropuerto y outlets,4.93,28300,,83,https://www.airbnb.cl/rooms/37589203?adults=1&category_tag=Tag%3A8678&children=0&enable_m3_private_room=true&infants=0&pets=0&check_in=2023-05-08&check_out=2023-05-13&previous_page_section_name=1000&federated_search_id=223a3f5e-7784-41ae-8163-c8a4f7a15eaf
210,Habitación en La Florida,Habitación single con baño compartido,4.97,15768,,31,https://www.airbnb.cl/rooms/781916880901566367?adults=1&category_tag=Tag%3A8678&children=0&enable_m3_private_room=true&infants=0&pets=0&check_in=2023-05-12&check_out=2023-05-17&previous_page_section_name=1000&federated_search_id=223a3f5e-7784-41ae-8163-c8a4f7a15eaf
211,Loft en Santiago,Moderno Depto con encanto en Barrio Lastarria,0.0,37531,,0,https://www.airbnb.cl/rooms/870363509941000652?adults=1&children=0&enable_m3_private_room=true&infants=0&pets=0&check_in=2023-05-09&check_out=2023-05-16&previous_page_section_name=1000&federated_search_id=223a3f5e-7784-41ae-8163-c8a4f7a15eaf
212,Casa de campo en Pirque,Moderna Cabaña con tinaja caliente,4.93,70349,,40,https://www.airbnb.cl/rooms/710383341971699608?adults=1&children=0&enable_m3_private_room=true&infants=0&pets=0&check_in=2023-05-07&check_out=2023-05-12&previous_page_section_name=1000&federated_search_id=223a3f5e-7784-41ae-8163-c8a4f7a15eaf
213,Apartamento en Las Condes,"3Departamentos , Las condes, M Manquehue ( sanit)",4.66,52896,,189,https://www.airbnb.cl/rooms/21596048?adults=1&children=0&enable_m3_private_room=true&infants=0&pets=0&check_in=2023-05-03&check_out=2023-05-09&previous_page_section_name=1000&federated_search_id=223a3f5e-7784-41ae-8163-c8a4f7a15eaf
214,Apartamento en Macul,Hermoso departamento completo en Macul.,4.86,44744,,37,https://www.airbnb.cl/rooms/574806132961784621?adults=1&children=0&enable_m3_private_room=true&infants=0&pets=0&check_in=2023-05-03&check_out=2023-05-10&previous_page_section_name=1000&federated_search_id=223a3f5e-7784-41ae-8163-c8a4f7a15eaf
215,Apartamento en Santiago,Cama King Bed New & Electric Santa Lucia Hill 43TV 63,4.79,30863,39260.0,113,https://www.airbnb.cl/rooms/45274392?adults=1&children=0&enable_m3_private_room=true&infants=0&pets=0&check_in=2023-05-06&check_out=2023-05-11&previous_page_section_name=1000&federated_search_id=223a3f5e-7784-41ae-8163-c8a4f7a15eaf
216,Loft en Ñuñoa,Estadio Nacional Loft,4.19,40062,,21,https://www.airbnb.cl/rooms/54348789?adults=1&children=0&enable_m3_private_room=true&infants=0&pets=0&check_in=2023-05-07&check_out=2023-05-12&previous_page_section_name=1000&federated_search_id=c7b0e6de-b71f-483c-a246-99d1db80e463
217,Apartamento en Santiago,Vista despejada_ céntrico _,0.0,47224,,0,https://www.airbnb.cl/rooms/876118857482070068?adults=1&children=0&enable_m3_private_room=true&infants=0&pets=0&check_in=2023-05-03&check_out=2023-05-08&previous_page_section_name=1000&federated_search_id=c7b0e6de-b71f-483c-a246-99d1db80e463
218,Apartamento en Providencia,Cómodo depto Urbano en barrio Manuel Montt c/est.,4.74,56635,,86,https://www.airbnb.cl/rooms/46461328?adults=1&children=0&enable_m3_private_room=true&infants=0&pets=0&check_in=2023-05-03&check_out=2023-05-08&previous_page_section_name=1000&federated_search_id=c7b0e6de-b71f-483c-a246-99d1db80e463
219,Apartamento en Santiago,Departamento 1er piso 2D1B,4.29,30368,,7,https://www.airbnb.cl/rooms/591744481491803966?adults=1&children=0&enable_m3_private_room=true&infants=0&pets=0&check_in=2023-05-07&check_out=2023-05-13&previous_page_section_name=1000&federated_search_id=c7b0e6de-b71f-483c-a246-99d1db80e463
220,Habitación en Santiago,(f) Cama Doble Baño Compartido,0.0,15419,17046.0,0,https://www.airbnb.cl/rooms/850053346130370246?adults=1&category_tag=Tag%3A8678&children=0&enable_m3_private_room=true&infants=0&pets=0&check_in=2023-05-12&check_out=2023-05-17&previous_page_section_name=1000&federated_search_id=c7b0e6de-b71f-483c-a246-99d1db80e463
221,Apartamento en Ñuñoa,New Best Place in Ñuñoa,4.85,50064,,131,https://www.airbnb.cl/rooms/32339612?adults=1&children=0&enable_m3_private_room=true&infants=0&pets=0&check_in=2023-05-05&check_out=2023-05-10&previous_page_section_name=1000&federated_search_id=c7b0e6de-b71f-483c-a246-99d1db80e463
222,Lugar para quedarse en Las Condes,Habitación Pequeña y Baño Privado  Escuela Militar,5.0,27798,,25,https://www.airbnb.cl/rooms/721193798077374795?adults=1&children=0&enable_m3_private_room=true&infants=0&pets=0&check_in=2023-05-03&check_out=2023-05-08&previous_page_section_name=1000&federated_search_id=c7b0e6de-b71f-483c-a246-99d1db80e463
223,Apartamento en Providencia,PROVIDENCIA VIP,4.88,41360,,41,https://www.airbnb.cl/rooms/21489466?adults=1&children=0&enable_m3_private_room=true&infants=0&pets=0&check_in=2023-05-09&check_out=2023-05-16&previous_page_section_name=1000&federated_search_id=c7b0e6de-b71f-483c-a246-99d1db80e463
224,Habitación en La Cisterna,Bonita y amplia habitación con baño privado,4.56,12848,,18,https://www.airbnb.cl/rooms/684955603104485149?adults=1&category_tag=Tag%3A8678&children=0&enable_m3_private_room=true&infants=0&pets=0&check_in=2023-05-08&check_out=2023-05-13&previous_page_section_name=1000&federated_search_id=c7b0e6de-b71f-483c-a246-99d1db80e463
225,Apartamento en Ñuñoa,departamento  en el corazon de ñuñoa piso 21,4.71,39011,,147,https://www.airbnb.cl/rooms/49009534?adults=1&children=0&enable_m3_private_room=true&infants=0&pets=0&check_in=2023-05-31&check_out=2023-06-05&previous_page_section_name=1000&federated_search_id=c7b0e6de-b71f-483c-a246-99d1db80e463
226,Habitación en Santiago,Habitación privada cerca a Palacio la Moneda,4.68,24530,,31,https://www.airbnb.cl/rooms/774681412410816345?adults=1&category_tag=Tag%3A8678&children=0&enable_m3_private_room=true&infants=0&pets=0&check_in=2023-05-03&check_out=2023-05-08&previous_page_section_name=1000&federated_search_id=c7b0e6de-b71f-483c-a246-99d1db80e463
227,Habitación en Santiago,Hab. privada cerca de Metro,0.0,15894,19296.0,0,https://www.airbnb.cl/rooms/41689754?adults=1&category_tag=Tag%3A8678&children=0&enable_m3_private_room=true&infants=0&pets=0&check_in=2023-05-06&check_out=2023-05-11&previous_page_section_name=1000&federated_search_id=c7b0e6de-b71f-483c-a246-99d1db80e463
228,Apartamento en Providencia,403A Tranquilidad Norte en Providencia,4.57,48563,,134,https://www.airbnb.cl/rooms/28307225?adults=1&children=0&enable_m3_private_room=true&infants=0&pets=0&check_in=2023-05-05&check_out=2023-05-12&previous_page_section_name=1000&federated_search_id=c7b0e6de-b71f-483c-a246-99d1db80e463
229,Parque de vacaciones en San José de Maipo,Casa AcadioTemazcal,4.98,163520,,88,https://www.airbnb.cl/rooms/53218364?adults=1&children=0&enable_m3_private_room=true&infants=0&pets=0&check_in=2023-05-13&check_out=2023-05-18&previous_page_section_name=1000&federated_search_id=c7b0e6de-b71f-483c-a246-99d1db80e463
230,Apartamento en Santiago,"Depto 1 dormitorio, Huérfanos 1400 +Terraza +Vista",4.79,25534,,19,https://www.airbnb.cl/rooms/9366176?adults=1&children=0&enable_m3_private_room=true&infants=0&pets=0&check_in=2023-05-05&check_out=2023-05-10&previous_page_section_name=1000&federated_search_id=c7b0e6de-b71f-483c-a246-99d1db80e463
231,Apartamento en La Florida,"Lindo dpto, con estacionamiento,  condominio",4.89,46454,,28,https://www.airbnb.cl/rooms/746460355196195454?adults=1&children=0&enable_m3_private_room=true&infants=0&pets=0&check_in=2023-05-03&check_out=2023-05-08&previous_page_section_name=1000&federated_search_id=c7b0e6de-b71f-483c-a246-99d1db80e463
232,Apartamento en San Miguel,Dep amoblado SIN ESTACIONAMIENTO San Miguel STGO #,4.67,29480,34452.0,24,https://www.airbnb.cl/rooms/50171686?adults=1&children=0&enable_m3_private_room=true&infants=0&pets=0&check_in=2023-05-04&check_out=2023-05-10&previous_page_section_name=1000&federated_search_id=c7b0e6de-b71f-483c-a246-99d1db80e463
233,Apartamento en Providencia,Park Plaza Apart Hotel,4.62,56064,,196,https://www.airbnb.cl/rooms/48745569?adults=1&children=0&enable_m3_private_room=true&infants=0&pets=0&check_in=2023-05-05&check_out=2023-05-11&previous_page_section_name=1000&federated_search_id=c7b0e6de-b71f-483c-a246-99d1db80e463
234,Apartamento en Ñuñoa,Departamento Hermoso En Ñuñoa,4.7,41720,,134,https://www.airbnb.cl/rooms/32340852?adults=1&children=0&enable_m3_private_room=true&infants=0&pets=0&check_in=2023-05-09&check_out=2023-05-15&previous_page_section_name=1000&federated_search_id=eaba0a69-d990-4191-9c25-9972d1573de9
235,Apartamento en Las Condes,Maravilloso depto 1 dorm,0.0,62138,,0,https://www.airbnb.cl/rooms/878398153038883652?adults=1&children=0&enable_m3_private_room=true&infants=0&pets=0&check_in=2023-05-08&check_out=2023-05-13&previous_page_section_name=1000&federated_search_id=eaba0a69-d990-4191-9c25-9972d1573de9
236,Condo en Santiago,Cómodo departamento en zona residencial,4.95,42048,,20,https://www.airbnb.cl/rooms/747238336623969666?adults=1&children=0&enable_m3_private_room=true&infants=0&pets=0&check_in=2023-05-03&check_out=2023-05-09&previous_page_section_name=1000&federated_search_id=eaba0a69-d990-4191-9c25-9972d1573de9
237,Apartamento en Santiago,Centro de Metro Moneda,4.92,29469,,12,https://www.airbnb.cl/rooms/798784773315358421?adults=1&children=0&enable_m3_private_room=true&infants=0&pets=0&check_in=2023-05-06&check_out=2023-05-11&previous_page_section_name=1000&federated_search_id=eaba0a69-d990-4191-9c25-9972d1573de9
238,Apartamento en Lo Barnechea,Departamento de lujo,0.0,85468,,0,https://www.airbnb.cl/rooms/761808028228698991?adults=1&children=0&enable_m3_private_room=true&infants=0&pets=0&check_in=2023-05-03&check_out=2023-05-09&previous_page_section_name=1000&federated_search_id=eaba0a69-d990-4191-9c25-9972d1573de9
239,Habitación en Providencia,"Es un lugar tranquilo, agradable",0.0,37376,,0,https://www.airbnb.cl/rooms/803034841795864433?adults=1&category_tag=Tag%3A8678&children=0&enable_m3_private_room=true&infants=0&pets=0&check_in=2023-05-03&check_out=2023-05-10&previous_page_section_name=1000&federated_search_id=eaba0a69-d990-4191-9c25-9972d1573de9
240,Apartamento en Santiago,207- Dpto 1 dorm + Estacionam Gratis,4.71,44968,,230,https://www.airbnb.cl/rooms/20093774?adults=1&children=0&enable_m3_private_room=true&infants=0&pets=0&check_in=2023-05-04&check_out=2023-05-09&previous_page_section_name=1000&federated_search_id=eaba0a69-d990-4191-9c25-9972d1573de9
241,Condo en Santiago,SANTIAGO COZY APARTMENT/DOWNTOWN HISTORIC CITY,4.6,32242,45018.0,82,https://www.airbnb.cl/rooms/21913809?adults=1&children=0&enable_m3_private_room=true&infants=0&pets=0&check_in=2023-05-03&check_out=2023-05-10&previous_page_section_name=1000&federated_search_id=eaba0a69-d990-4191-9c25-9972d1573de9
242,Loft en Santiago,Loft casa patrimonial restaurada buena ubicación,4.6,29720,,10,https://www.airbnb.cl/rooms/679049594325053306?adults=1&children=0&enable_m3_private_room=true&infants=0&pets=0&check_in=2023-05-03&check_out=2023-05-08&previous_page_section_name=1000&federated_search_id=eaba0a69-d990-4191-9c25-9972d1573de9
243,Habitación en Recoleta,Habitación privada Cerro San Cristobal,4.81,24920,,89,https://www.airbnb.cl/rooms/33168592?adults=1&category_tag=Tag%3A8678&children=0&enable_m3_private_room=true&infants=0&pets=0&check_in=2023-05-04&check_out=2023-05-09&previous_page_section_name=1000&federated_search_id=eaba0a69-d990-4191-9c25-9972d1573de9
244,Habitación en Santiago,"Habitación 2 camas, Cerca Arena.",0.0,17760,,0,https://www.airbnb.cl/rooms/860126834800340180?adults=1&category_tag=Tag%3A8678&children=0&enable_m3_private_room=true&infants=0&pets=0&check_in=2023-05-03&check_out=2023-05-10&previous_page_section_name=1000&federated_search_id=eaba0a69-d990-4191-9c25-9972d1573de9
245,Alojamiento en La Florida,Acogedora Casa a pasos del Estadio Bicentenario,5.0,42414,53936.0,9,https://www.airbnb.cl/rooms/795118943712347757?adults=1&children=0&enable_m3_private_room=true&infants=0&pets=0&check_in=2023-05-07&check_out=2023-05-13&previous_page_section_name=1000&federated_search_id=eaba0a69-d990-4191-9c25-9972d1573de9
246,Apartamento en Santiago,Hermoso y cómodo departamento en Barrio Yungay,4.89,35806,40356.0,36,https://www.airbnb.cl/rooms/636797955927552603?adults=1&children=0&enable_m3_private_room=true&infants=0&pets=0&check_in=2023-05-03&check_out=2023-05-10&previous_page_section_name=1000&federated_search_id=eaba0a69-d990-4191-9c25-9972d1573de9
247,Apartamento en Santiago,614- Departamento Central Moneda,4.7,35507,39013.0,6,https://www.airbnb.cl/rooms/730014831607898865?adults=1&children=0&enable_m3_private_room=true&infants=0&pets=0&check_in=2023-05-03&check_out=2023-05-08&previous_page_section_name=1000&federated_search_id=eaba0a69-d990-4191-9c25-9972d1573de9
248,Cabaña en San José de Maipo,Cabaña Andes,4.96,123411,135511.0,157,https://www.airbnb.cl/rooms/36488330?adults=1&children=0&enable_m3_private_room=true&infants=0&pets=0&check_in=2023-05-08&check_out=2023-05-13&previous_page_section_name=1000&federated_search_id=eaba0a69-d990-4191-9c25-9972d1573de9
249,Habitación en Quilicura,Cómoda habitación cerca aeropuerto y outlets,4.93,28300,,83,https://www.airbnb.cl/rooms/37589203?adults=1&category_tag=Tag%3A8678&children=0&enable_m3_private_room=true&infants=0&pets=0&check_in=2023-05-08&check_out=2023-05-13&previous_page_section_name=1000&federated_search_id=eaba0a69-d990-4191-9c25-9972d1573de9
250,Apartamento en San Miguel,Departamento San miguel (metro) 2 dormitorios,4.83,41216,,24,https://www.airbnb.cl/rooms/794913006831939835?adults=1&children=0&enable_m3_private_room=true&infants=0&pets=0&check_in=2023-05-14&check_out=2023-05-19&previous_page_section_name=1000&federated_search_id=eaba0a69-d990-4191-9c25-9972d1573de9
251,Lugar para quedarse en Santiago,Estudio Tribeca Súper King con wifi y balcón,4.6,19653,31162.0,35,https://www.airbnb.cl/rooms/670933330958558168?adults=1&children=0&enable_m3_private_room=true&infants=0&pets=0&check_in=2023-05-08&check_out=2023-05-14&previous_page_section_name=1000&federated_search_id=eaba0a69-d990-4191-9c25-9972d1573de9
252,Condo en Santiago,"""Refugio en la ciudad, un lugar tranquilo """,4.92,33788,42097.0,61,https://www.airbnb.cl/rooms/54184689?adults=1&children=0&enable_m3_private_room=true&infants=0&pets=0&check_in=2023-05-03&check_out=2023-05-09&previous_page_section_name=1000&federated_search_id=79869056-adaa-4467-bd8c-e6aaa9de106a
253,Apartamento en Providencia,DEPARTAMENTOS GABANNA SUITES 1,4.84,59568,66265.0,255,https://www.airbnb.cl/rooms/45127425?adults=1&children=0&enable_m3_private_room=true&infants=0&pets=0&check_in=2023-05-05&check_out=2023-05-10&previous_page_section_name=1000&federated_search_id=79869056-adaa-4467-bd8c-e6aaa9de106a
254,Apartamento en Las Condes,Aparthotel Premium con Terraza,4.78,104994,,383,https://www.airbnb.cl/rooms/51451256?adults=1&children=0&enable_m3_private_room=true&infants=0&pets=0&check_in=2023-05-03&check_out=2023-05-09&previous_page_section_name=1000&federated_search_id=79869056-adaa-4467-bd8c-e6aaa9de106a
255,Lugar para quedarse en Santiago,Estudio Tribeca Súper King con wifi y balcón,4.6,19653,31162.0,35,https://www.airbnb.cl/rooms/670933330958558168?adults=1&children=0&enable_m3_private_room=true&infants=0&pets=0&check_in=2023-05-08&check_out=2023-05-14&previous_page_section_name=1000&federated_search_id=79869056-adaa-4467-bd8c-e6aaa9de106a
256,Apartamento en Las Condes,"Depto completo, hasta 4pp, muy acogedor",4.84,43822,,135,https://www.airbnb.cl/rooms/38627921?adults=1&children=0&enable_m3_private_room=true&infants=0&pets=0&check_in=2023-05-14&check_out=2023-05-19&previous_page_section_name=1000&federated_search_id=79869056-adaa-4467-bd8c-e6aaa9de106a
257,Lugar para quedarse en Las Condes,Habitación Independiente para 1 ó 2 huéspedes.,0.0,26683,,0,https://www.airbnb.cl/rooms/865242283951957779?adults=1&children=0&enable_m3_private_room=true&infants=0&pets=0&check_in=2023-05-04&check_out=2023-05-09&previous_page_section_name=1000&federated_search_id=79869056-adaa-4467-bd8c-e6aaa9de106a
258,Apartamento en Santiago,207- Dpto 1 dorm + Estacionam Gratis,4.71,44968,,230,https://www.airbnb.cl/rooms/20093774?adults=1&children=0&enable_m3_private_room=true&infants=0&pets=0&check_in=2023-05-04&check_out=2023-05-09&previous_page_section_name=1000&federated_search_id=79869056-adaa-4467-bd8c-e6aaa9de106a
259,Apartamento en Providencia,DEPARTAMENTOS GABANNA SUITES 4,4.74,57699,,123,https://www.airbnb.cl/rooms/51468772?adults=1&children=0&enable_m3_private_room=true&infants=0&pets=0&check_in=2023-05-03&check_out=2023-05-08&previous_page_section_name=1000&federated_search_id=79869056-adaa-4467-bd8c-e6aaa9de106a
260,Habitación en Las Condes,Acogedora habitación 🧸 con encantadora vista 🌱 y excelente ubicación 🌃,4.78,23360,,79,https://www.airbnb.cl/rooms/53066262?adults=1&category_tag=Tag%3A8678&children=0&enable_m3_private_room=true&infants=0&pets=0&check_in=2023-05-11&check_out=2023-05-16&previous_page_section_name=1000&federated_search_id=79869056-adaa-4467-bd8c-e6aaa9de106a
261,Habitación en Santiago,"Habitación 2 camas, Cerca Arena.",0.0,17760,,0,https://www.airbnb.cl/rooms/860126834800340180?adults=1&category_tag=Tag%3A8678&children=0&enable_m3_private_room=true&infants=0&pets=0&check_in=2023-05-03&check_out=2023-05-10&previous_page_section_name=1000&federated_search_id=79869056-adaa-4467-bd8c-e6aaa9de106a
262,Loft en Las Condes,"Departamento Studio, Excelente ubicación",4.87,50195,,45,https://www.airbnb.cl/rooms/54327756?adults=1&children=0&enable_m3_private_room=true&infants=0&pets=0&check_in=2023-05-15&check_out=2023-05-20&previous_page_section_name=1000&federated_search_id=79869056-adaa-4467-bd8c-e6aaa9de106a
263,Habitación en San Joaquín,"Hospedaje Cómodo, independiente, Baño privado",4.92,17856,,66,https://www.airbnb.cl/rooms/31552366?adults=1&category_tag=Tag%3A8678&children=0&enable_m3_private_room=true&infants=0&pets=0&check_in=2023-05-04&check_out=2023-05-09&previous_page_section_name=1000&federated_search_id=79869056-adaa-4467-bd8c-e6aaa9de106a
264,Loft en La Cisterna,departamento en la cisterna,4.0,41384,,8,https://www.airbnb.cl/rooms/53049889?adults=1&children=0&enable_m3_private_room=true&infants=0&pets=0&check_in=2023-05-14&check_out=2023-05-19&previous_page_section_name=1000&federated_search_id=79869056-adaa-4467-bd8c-e6aaa9de106a
265,Habitación en Macul,"""The Jazz House, Habitacion BLUES""",5.0,16505,,3,https://www.airbnb.cl/rooms/681208049153358301?adults=1&category_tag=Tag%3A8678&children=0&enable_m3_private_room=true&infants=0&pets=0&check_in=2023-05-04&check_out=2023-05-09&previous_page_section_name=1000&federated_search_id=79869056-adaa-4467-bd8c-e6aaa9de106a
266,Lugar para quedarse en Santiago,Habitación Privada en Centro,0.0,11683,13301.0,0,https://www.airbnb.cl/rooms/879859161671982572?adults=1&children=0&enable_m3_private_room=true&infants=0&pets=0&check_in=2023-05-04&check_out=2023-05-11&previous_page_section_name=1000&federated_search_id=79869056-adaa-4467-bd8c-e6aaa9de106a
267,Habitación en Santiago,Habitación privada frente a metro,4.92,17037,,26,https://www.airbnb.cl/rooms/810938618296502494?adults=1&category_tag=Tag%3A8678&children=0&enable_m3_private_room=true&infants=0&pets=0&check_in=2023-05-19&check_out=2023-05-24&previous_page_section_name=1000&federated_search_id=79869056-adaa-4467-bd8c-e6aaa9de106a
268,Apartamento en Santiago,Departamento en el barrio Yungay,4.7,30368,,10,https://www.airbnb.cl/rooms/836411682300381713?adults=1&children=0&enable_m3_private_room=true&infants=0&pets=0&check_in=2023-05-13&check_out=2023-05-18&previous_page_section_name=1000&federated_search_id=79869056-adaa-4467-bd8c-e6aaa9de106a
269,Apartamento en Santiago,Centro de Metro Moneda,4.92,29469,,12,https://www.airbnb.cl/rooms/798784773315358421?adults=1&children=0&enable_m3_private_room=true&infants=0&pets=0&check_in=2023-05-06&check_out=2023-05-11&previous_page_section_name=1000&federated_search_id=79869056-adaa-4467-bd8c-e6aaa9de106a
